0.493035 ,0.478779 ,0.462295 ,0.427173 ,0.393766 ,0.343399 ,0.305971 ,0.270873 ,0.242342 ,0.222678 ,0.210607 ,0.202462 ,0.199292 ,0.197171 ,0.197852 ,0.197064 ,0.198049 ,0.198363 ,0.198968 ,0.198832 ,0.199453 ,0.198665 ,0.199408 ,0.200367 ,0.203129 ,0.206337 ,0.211137 ,0.216810 ,0.222419 ,0.227286 ,0.231247 ,0.233759 ,0.235606 ,0.236916 ,0.237271 ,0.237736 ,0.238289 ,0.238571 ,0.239708 ,0.241244 ,0.243558 ,0.245040 ,0.247016 ,0.249443 ,0.253552 ,0.259006 ,0.266358 ,0.275566 ,0.286175 ,0.298462 ,0.311875 ,0.326014 ,0.341373 ,0.356132 ,0.370457 ,0.385200 ,0.399175 ,0.410985 ,0.422333 ,0.432179 ,0.440347 ,0.446633 ,0.452088 ,0.457216 ,0.460809 ,0.463954 ,0.467212 ,0.469999 ,0.472744 ,0.475190 ,0.477738 ,0.478885 ,0.479611 ,0.479515 ,0.479049 ,0.478136 ,0.475862 ,0.472748 ,0.469464 ,0.466723 ,0.463554 ,0.460726 ,0.458366 ,0.456109 ,0.454192 ,0.452379 ,0.450738 ,0.449995 ,0.448869 ,0.447883 ,0.446712 ,0.445007 ,0.442726 ,0.439954 ,0.437069 ,0.433351 ,0.430392 ,0.428131 ,0.426230 ,0.425902 ,0.425605 ,0.425849 ,0.424688 ,0.420724 ,0.413516 ,0.403428 ,0.391245 ,0.378755 ,0.367321 ,0.359705 ,0.355594 ,0.352136 ,0.346627 ,0.337803 ,0.327092 ,0.315808 ,0.306221 ,0.299726 ,0.297213 ,0.299094 ,0.304842 ,0.318910 ,0.343695 ,0.380259 ,0.424526 ,0.469115 ,0.509342 ,0.542726 ,0.570338 ,0.591624 ,0.608808 ,0.622886 ,0.635548 ,0.646302 ,0.656113 ,0.665452 ,0.673978 ,0.682125 ,0.689607 ,0.696514 ,0.702173 ,0.707414 ,0.711445 ,0.716056 ,0.719641 ,0.723269 ,0.726165 ,0.728752 ,0.731097 ,0.732245 ,0.733816 ,0.734817 ,0.735860 ,0.738122 ,0.739181 ,0.739519 ,0.741106 ,0.741953 ,0.742824 ,0.743827 ,0.745601 ,0.746278 ,0.747300 ,0.749603 ,0.750185 ,0.752016 ,0.752486 ,0.754339 ,0.754785 ,0.755826 ,0.756693 ,0.758259 ,0.758070 ,0.759144 ,0.760485 ,0.760910 ,0.760909 ,0.760074 ,0.760590 ,0.759831 ,0.760118 ,0.758727 ,0.759305 ,0.759534 ,0.760714 ,0.760328 ,0.760565 ,0.761183 ,0.762017 ,0.761759 ,0.761535 ,0.761938 ,0.762195 ,0.761418 ,0.763238 ,0.762003 ,0.762063 ,0.762655 ,0.762225 ,0.763316 ,0.762910 ,0.763041 ,0.762753 ,0.761170 ,0.761105 ,0.761110 ,0.760060 ,0.760858 ,0.759896 ,0.759464 ,0.758387 ,0.758648 ,0.757630 ,0.756837 ,0.755109 ,0.753133 ,0.751294 ,0.747755 ,0.744372 ,0.739582 ,0.734806 ,0.730717 ,0.724263 ,0.717395 ,0.709902 ,0.704074 ,0.695377 ,0.686681 ,0.679610 ,0.673412 ,0.670491 ,0.669703 ,0.667752 ,0.670266 ,0.665574 ,0.667744 ,0.667405 ,0.670166 ,0.668722 ,0.667901 ,0.670373 ,0.673432 ,0.675066 ,0.677924 ,0.682559 ,0.687118 ,0.687392 ,0.695766 ,0.697910 ,0.701899 ,0.705095 ,0.707914 ,0.709877 ,0.709747 ,0.711680 ,0.711182 
0.475352 ,0.460469 ,0.441008 ,0.414091 ,0.372488 ,0.332406 ,0.292054 ,0.251356 ,0.227799 ,0.207106 ,0.196973 ,0.188972 ,0.186273 ,0.185782 ,0.188515 ,0.190137 ,0.192431 ,0.195058 ,0.197928 ,0.200647 ,0.202142 ,0.204076 ,0.205545 ,0.207483 ,0.211562 ,0.215831 ,0.222079 ,0.228660 ,0.236013 ,0.242231 ,0.248154 ,0.252271 ,0.255236 ,0.257103 ,0.259422 ,0.260617 ,0.262269 ,0.263024 ,0.265025 ,0.266759 ,0.269096 ,0.271190 ,0.273866 ,0.276583 ,0.280889 ,0.286697 ,0.293922 ,0.302579 ,0.313262 ,0.324340 ,0.336980 ,0.349744 ,0.363311 ,0.376357 ,0.389693 ,0.401809 ,0.413932 ,0.424702 ,0.434680 ,0.443084 ,0.450668 ,0.457136 ,0.462569 ,0.467595 ,0.470783 ,0.474634 ,0.477436 ,0.480564 ,0.483655 ,0.486406 ,0.488787 ,0.490441 ,0.491726 ,0.492305 ,0.492603 ,0.492542 ,0.491748 ,0.490311 ,0.488194 ,0.486160 ,0.484269 ,0.482431 ,0.480544 ,0.479513 ,0.478093 ,0.477210 ,0.476414 ,0.476352 ,0.475943 ,0.475686 ,0.474919 ,0.473297 ,0.471878 ,0.469213 ,0.466450 ,0.462896 ,0.460056 ,0.457845 ,0.456407 ,0.455644 ,0.455511 ,0.455643 ,0.455451 ,0.453285 ,0.447996 ,0.441384 ,0.432522 ,0.422718 ,0.412960 ,0.405730 ,0.400707 ,0.396386 ,0.389865 ,0.379392 ,0.366653 ,0.353294 ,0.341384 ,0.332504 ,0.327378 ,0.326407 ,0.329451 ,0.339856 ,0.360284 ,0.391876 ,0.430333 ,0.469984 ,0.505909 ,0.536455 ,0.561637 ,0.581927 ,0.597899 ,0.611659 ,0.623619 ,0.633997 ,0.643651 ,0.652379 ,0.660751 ,0.668854 ,0.676108 ,0.682906 ,0.688710 ,0.693772 ,0.698135 ,0.702113 ,0.706005 ,0.709719 ,0.712556 ,0.715739 ,0.718311 ,0.719958 ,0.721629 ,0.723170 ,0.724898 ,0.726309 ,0.727729 ,0.729310 ,0.730849 ,0.731227 ,0.732198 ,0.733869 ,0.735112 ,0.736315 ,0.737614 ,0.739013 ,0.740034 ,0.741698 ,0.742324 ,0.743209 ,0.744238 ,0.746044 ,0.747170 ,0.747300 ,0.748168 ,0.748972 ,0.749442 ,0.750533 ,0.750243 ,0.750925 ,0.749507 ,0.749042 ,0.748337 ,0.748946 ,0.748709 ,0.749228 ,0.748967 ,0.749780 ,0.749960 ,0.750414 ,0.750095 ,0.750953 ,0.751265 ,0.750785 ,0.751113 ,0.751231 ,0.750992 ,0.751078 ,0.751158 ,0.751547 ,0.752042 ,0.751867 ,0.751057 ,0.751089 ,0.750125 ,0.750351 ,0.749494 ,0.750542 ,0.749403 ,0.748776 ,0.748043 ,0.747714 ,0.747028 ,0.746018 ,0.745803 ,0.744701 ,0.742308 ,0.740349 ,0.738460 ,0.734844 ,0.731893 ,0.727257 ,0.723242 ,0.718356 ,0.713802 ,0.705106 ,0.697414 ,0.691438 ,0.682579 ,0.673703 ,0.665398 ,0.661784 ,0.656757 ,0.654648 ,0.653504 ,0.651293 ,0.651551 ,0.651035 ,0.649123 ,0.649595 ,0.650646 ,0.650391 ,0.652846 ,0.654580 ,0.657433 ,0.659332 ,0.662757 ,0.667399 ,0.668991 ,0.675757 ,0.679613 ,0.681838 ,0.682939 ,0.683720 ,0.686188 ,0.686422 ,0.686950 ,0.686999 
0.673099 ,0.636020 ,0.611136 ,0.551468 ,0.493213 ,0.418515 ,0.359062 ,0.309645 ,0.274269 ,0.247670 ,0.232874 ,0.222778 ,0.219667 ,0.216552 ,0.219262 ,0.220868 ,0.223219 ,0.225980 ,0.228362 ,0.232018 ,0.236150 ,0.239203 ,0.242977 ,0.245660 ,0.251307 ,0.255060 ,0.259086 ,0.263429 ,0.268486 ,0.272416 ,0.276487 ,0.280953 ,0.284024 ,0.287541 ,0.291063 ,0.294318 ,0.297074 ,0.299818 ,0.301786 ,0.303901 ,0.306508 ,0.308714 ,0.311310 ,0.315090 ,0.319058 ,0.324546 ,0.330583 ,0.337084 ,0.343934 ,0.350825 ,0.358657 ,0.365863 ,0.372953 ,0.380000 ,0.386288 ,0.392215 ,0.397844 ,0.402654 ,0.407593 ,0.411760 ,0.415713 ,0.419408 ,0.423462 ,0.427216 ,0.430366 ,0.433847 ,0.437154 ,0.440487 ,0.443704 ,0.446879 ,0.449600 ,0.451852 ,0.454516 ,0.457239 ,0.459789 ,0.462684 ,0.465089 ,0.466989 ,0.469389 ,0.471291 ,0.473236 ,0.474888 ,0.476242 ,0.478078 ,0.479716 ,0.481330 ,0.482800 ,0.484915 ,0.486088 ,0.487702 ,0.488920 ,0.489676 ,0.490884 ,0.491453 ,0.491602 ,0.492039 ,0.492366 ,0.493005 ,0.494013 ,0.494998 ,0.495912 ,0.497115 ,0.498168 ,0.498426 ,0.497656 ,0.496034 ,0.493482 ,0.490703 ,0.488009 ,0.486208 ,0.485216 ,0.484502 ,0.482251 ,0.478209 ,0.473165 ,0.468235 ,0.463236 ,0.459866 ,0.458990 ,0.460057 ,0.464201 ,0.472600 ,0.486664 ,0.505312 ,0.523666 ,0.540505 ,0.554201 ,0.565544 ,0.575649 ,0.584424 ,0.592130 ,0.599829 ,0.607127 ,0.614679 ,0.621179 ,0.627632 ,0.633352 ,0.639126 ,0.644553 ,0.649155 ,0.654197 ,0.657573 ,0.661624 ,0.664586 ,0.667632 ,0.671204 ,0.673228 ,0.676229 ,0.679706 ,0.680622 ,0.682846 ,0.685055 ,0.686623 ,0.687494 ,0.689077 ,0.690988 ,0.692210 ,0.693945 ,0.695094 ,0.696064 ,0.697583 ,0.699144 ,0.700560 ,0.702404 ,0.703917 ,0.705494 ,0.706681 ,0.707999 ,0.709069 ,0.710030 ,0.711206 ,0.712024 ,0.712751 ,0.713389 ,0.715086 ,0.715223 ,0.716633 ,0.715658 ,0.715700 ,0.715939 ,0.716731 ,0.716317 ,0.717279 ,0.717694 ,0.718185 ,0.719366 ,0.719488 ,0.719583 ,0.721298 ,0.721986 ,0.721814 ,0.723697 ,0.722982 ,0.723164 ,0.723708 ,0.724615 ,0.724403 ,0.725187 ,0.724796 ,0.725743 ,0.726381 ,0.725693 ,0.726942 ,0.725765 ,0.726018 ,0.725932 ,0.725462 ,0.727242 ,0.726627 ,0.727131 ,0.727903 ,0.728871 ,0.728646 ,0.727820 ,0.728069 ,0.725977 ,0.724288 ,0.723063 ,0.721477 ,0.719924 ,0.717797 ,0.715926 ,0.712002 ,0.710200 ,0.707810 ,0.703836 ,0.700039 ,0.695712 ,0.690779 ,0.686175 ,0.686067 ,0.682796 ,0.684078 ,0.684238 ,0.687326 ,0.689784 ,0.692042 ,0.694582 ,0.696658 ,0.698489 ,0.702588 ,0.706998 ,0.711809 ,0.719593 ,0.728227 ,0.734136 ,0.740093 ,0.749422 ,0.752735 ,0.759816 ,0.762885 ,0.763323 ,0.776126 ,0.778083 ,0.783204 ,0.796839 
0.472925 ,0.455256 ,0.444363 ,0.409938 ,0.369732 ,0.329626 ,0.285448 ,0.250552 ,0.220930 ,0.199189 ,0.183875 ,0.170984 ,0.164452 ,0.159334 ,0.155567 ,0.152248 ,0.150555 ,0.148056 ,0.147025 ,0.145858 ,0.144634 ,0.143457 ,0.142578 ,0.141658 ,0.142977 ,0.143572 ,0.145056 ,0.147344 ,0.149016 ,0.151744 ,0.153653 ,0.155154 ,0.156014 ,0.156430 ,0.156721 ,0.156974 ,0.157218 ,0.157236 ,0.157559 ,0.158644 ,0.159775 ,0.160494 ,0.161690 ,0.163198 ,0.164782 ,0.167484 ,0.171241 ,0.175583 ,0.181936 ,0.188679 ,0.196392 ,0.205211 ,0.214757 ,0.225309 ,0.235629 ,0.246656 ,0.257532 ,0.267825 ,0.277892 ,0.287243 ,0.295068 ,0.302002 ,0.307964 ,0.312915 ,0.316885 ,0.320488 ,0.323581 ,0.326589 ,0.329570 ,0.332497 ,0.335208 ,0.337287 ,0.338520 ,0.339114 ,0.338820 ,0.337720 ,0.335952 ,0.333076 ,0.329858 ,0.326770 ,0.323741 ,0.321139 ,0.318711 ,0.317087 ,0.315097 ,0.313612 ,0.312123 ,0.311624 ,0.310754 ,0.310326 ,0.309357 ,0.307956 ,0.305928 ,0.303549 ,0.300524 ,0.297442 ,0.294522 ,0.292060 ,0.290375 ,0.289884 ,0.289388 ,0.289526 ,0.289091 ,0.286580 ,0.281607 ,0.274400 ,0.265426 ,0.256262 ,0.247555 ,0.241002 ,0.237189 ,0.234157 ,0.229645 ,0.223152 ,0.214935 ,0.206706 ,0.199480 ,0.194588 ,0.192233 ,0.192015 ,0.194899 ,0.201029 ,0.214111 ,0.235506 ,0.264678 ,0.300722 ,0.338667 ,0.375710 ,0.409763 ,0.439292 ,0.464565 ,0.485601 ,0.504218 ,0.521070 ,0.536580 ,0.551194 ,0.564971 ,0.577180 ,0.589179 ,0.599704 ,0.609170 ,0.617218 ,0.623903 ,0.630205 ,0.635562 ,0.640986 ,0.645480 ,0.649343 ,0.652482 ,0.655290 ,0.657844 ,0.659469 ,0.661626 ,0.663064 ,0.665098 ,0.666737 ,0.668370 ,0.669603 ,0.671478 ,0.672944 ,0.674879 ,0.676831 ,0.677526 ,0.679196 ,0.681273 ,0.682934 ,0.685076 ,0.685972 ,0.687701 ,0.688525 ,0.690425 ,0.691250 ,0.692493 ,0.693492 ,0.694279 ,0.694556 ,0.695650 ,0.695586 ,0.696005 ,0.696114 ,0.696034 ,0.696049 ,0.696792 ,0.696177 ,0.697656 ,0.698035 ,0.698799 ,0.699366 ,0.700233 ,0.700282 ,0.701221 ,0.701398 ,0.702780 ,0.702405 ,0.702807 ,0.702951 ,0.703730 ,0.704550 ,0.705042 ,0.702824 ,0.705103 ,0.705751 ,0.705424 ,0.704013 ,0.704444 ,0.704745 ,0.704748 ,0.704238 ,0.704844 ,0.705309 ,0.704486 ,0.703218 ,0.704356 ,0.703368 ,0.701760 ,0.699583 ,0.698152 ,0.694296 ,0.690144 ,0.686151 ,0.682630 ,0.678049 ,0.671508 ,0.665965 ,0.659558 ,0.652119 ,0.642727 ,0.635728 ,0.626920 ,0.621942 ,0.618914 ,0.616557 ,0.615643 ,0.615141 ,0.612506 ,0.614320 ,0.613953 ,0.615743 ,0.614373 ,0.617725 ,0.619358 ,0.622089 ,0.626062 ,0.629005 ,0.635478 ,0.639674 ,0.644377 ,0.650562 ,0.654299 ,0.658181 ,0.662325 ,0.665663 ,0.669325 ,0.669924 ,0.671733 ,0.678200 
0.545572 ,0.527229 ,0.506286 ,0.464862 ,0.422142 ,0.369254 ,0.318879 ,0.276631 ,0.246116 ,0.218938 ,0.206181 ,0.193289 ,0.187584 ,0.183259 ,0.182099 ,0.180939 ,0.180640 ,0.179472 ,0.180032 ,0.179732 ,0.180360 ,0.179745 ,0.179998 ,0.180195 ,0.182856 ,0.185012 ,0.188798 ,0.193836 ,0.199489 ,0.204154 ,0.209104 ,0.212594 ,0.215396 ,0.216691 ,0.217907 ,0.219183 ,0.219811 ,0.221104 ,0.222180 ,0.223557 ,0.225522 ,0.227380 ,0.229660 ,0.232451 ,0.236041 ,0.241374 ,0.247644 ,0.255447 ,0.264544 ,0.275561 ,0.287108 ,0.299603 ,0.312720 ,0.325820 ,0.338743 ,0.351215 ,0.363449 ,0.374839 ,0.384978 ,0.394165 ,0.401977 ,0.409091 ,0.415064 ,0.420076 ,0.424508 ,0.428629 ,0.432348 ,0.435883 ,0.439357 ,0.442089 ,0.445227 ,0.447994 ,0.449449 ,0.451159 ,0.451727 ,0.452428 ,0.451938 ,0.450557 ,0.448960 ,0.447587 ,0.445770 ,0.443808 ,0.442315 ,0.441244 ,0.440138 ,0.439043 ,0.438165 ,0.438005 ,0.438129 ,0.437947 ,0.437422 ,0.436104 ,0.434451 ,0.432305 ,0.429198 ,0.425800 ,0.422497 ,0.420188 ,0.418373 ,0.417592 ,0.417225 ,0.417955 ,0.417473 ,0.415359 ,0.410577 ,0.402815 ,0.393389 ,0.382602 ,0.372132 ,0.363247 ,0.357836 ,0.353364 ,0.346979 ,0.337267 ,0.324648 ,0.311166 ,0.299366 ,0.290150 ,0.284885 ,0.284150 ,0.287395 ,0.297235 ,0.316974 ,0.348129 ,0.388418 ,0.431936 ,0.473698 ,0.509485 ,0.539460 ,0.563316 ,0.582481 ,0.598161 ,0.611271 ,0.623080 ,0.633904 ,0.643362 ,0.652739 ,0.661113 ,0.668663 ,0.675793 ,0.681509 ,0.686683 ,0.691329 ,0.695513 ,0.699364 ,0.702820 ,0.706110 ,0.708715 ,0.710496 ,0.712345 ,0.713968 ,0.715598 ,0.716825 ,0.718855 ,0.719414 ,0.720732 ,0.722026 ,0.722733 ,0.723883 ,0.725020 ,0.726249 ,0.727700 ,0.729370 ,0.730510 ,0.732486 ,0.732449 ,0.733787 ,0.736487 ,0.736898 ,0.738419 ,0.739600 ,0.740865 ,0.741345 ,0.742062 ,0.742158 ,0.742849 ,0.742935 ,0.743211 ,0.743021 ,0.743069 ,0.741632 ,0.742421 ,0.742286 ,0.742591 ,0.743091 ,0.743072 ,0.743483 ,0.743623 ,0.743669 ,0.744973 ,0.745623 ,0.746550 ,0.745798 ,0.747144 ,0.746688 ,0.747637 ,0.746370 ,0.746850 ,0.746428 ,0.747324 ,0.746960 ,0.746750 ,0.746458 ,0.745911 ,0.745986 ,0.744330 ,0.743984 ,0.744490 ,0.744105 ,0.743871 ,0.742891 ,0.743579 ,0.742642 ,0.741384 ,0.739986 ,0.738491 ,0.736465 ,0.733773 ,0.730915 ,0.726609 ,0.722305 ,0.718040 ,0.711226 ,0.706828 ,0.702102 ,0.695566 ,0.687714 ,0.678039 ,0.672720 ,0.667829 ,0.663142 ,0.661241 ,0.659773 ,0.657978 ,0.657284 ,0.655845 ,0.656930 ,0.657640 ,0.658046 ,0.661081 ,0.662893 ,0.666085 ,0.667857 ,0.671345 ,0.679803 ,0.683579 ,0.685131 ,0.693364 ,0.696699 ,0.700235 ,0.703430 ,0.707595 ,0.712176 ,0.717183 ,0.716482 ,0.722943 
0.466107 ,0.446670 ,0.435622 ,0.405620 ,0.375491 ,0.344317 ,0.308022 ,0.271369 ,0.245836 ,0.223174 ,0.211630 ,0.202651 ,0.199245 ,0.197066 ,0.196871 ,0.196002 ,0.196045 ,0.196563 ,0.196608 ,0.197315 ,0.198529 ,0.198945 ,0.199129 ,0.200074 ,0.203253 ,0.207014 ,0.211361 ,0.217016 ,0.223135 ,0.228536 ,0.233079 ,0.236256 ,0.238748 ,0.240896 ,0.242155 ,0.243538 ,0.244704 ,0.245074 ,0.247174 ,0.249233 ,0.251236 ,0.253407 ,0.255369 ,0.258177 ,0.261468 ,0.267040 ,0.273562 ,0.281395 ,0.291296 ,0.301925 ,0.313619 ,0.325907 ,0.339201 ,0.351980 ,0.365028 ,0.377565 ,0.389745 ,0.400696 ,0.410648 ,0.419818 ,0.427194 ,0.433941 ,0.439773 ,0.445162 ,0.449117 ,0.452855 ,0.456277 ,0.459839 ,0.463521 ,0.466499 ,0.469868 ,0.471715 ,0.473388 ,0.474324 ,0.474671 ,0.475212 ,0.475060 ,0.473279 ,0.471574 ,0.469320 ,0.467642 ,0.466063 ,0.464649 ,0.463618 ,0.462559 ,0.461546 ,0.460971 ,0.460856 ,0.461373 ,0.461063 ,0.460020 ,0.458680 ,0.457307 ,0.454678 ,0.451781 ,0.448515 ,0.445734 ,0.443368 ,0.442159 ,0.441738 ,0.441697 ,0.442194 ,0.441615 ,0.439251 ,0.434275 ,0.426722 ,0.417143 ,0.406738 ,0.396273 ,0.388968 ,0.384046 ,0.379567 ,0.373274 ,0.363094 ,0.350492 ,0.337645 ,0.326017 ,0.317817 ,0.313565 ,0.313194 ,0.316923 ,0.327649 ,0.348935 ,0.381652 ,0.422525 ,0.465272 ,0.504367 ,0.537806 ,0.565072 ,0.587817 ,0.604592 ,0.618795 ,0.631246 ,0.641838 ,0.651738 ,0.660704 ,0.669038 ,0.676866 ,0.683436 ,0.689387 ,0.695707 ,0.700397 ,0.704772 ,0.708988 ,0.711923 ,0.715614 ,0.717656 ,0.720546 ,0.723037 ,0.724310 ,0.725261 ,0.727063 ,0.728753 ,0.729602 ,0.731109 ,0.732556 ,0.733563 ,0.734101 ,0.735181 ,0.736539 ,0.737686 ,0.739220 ,0.739841 ,0.741924 ,0.742663 ,0.744443 ,0.745139 ,0.746452 ,0.747195 ,0.748671 ,0.750513 ,0.750443 ,0.751298 ,0.751807 ,0.752872 ,0.753176 ,0.753580 ,0.752760 ,0.752739 ,0.752202 ,0.752706 ,0.751475 ,0.751513 ,0.751336 ,0.752545 ,0.752993 ,0.753387 ,0.752971 ,0.753547 ,0.753486 ,0.753112 ,0.752726 ,0.753227 ,0.753773 ,0.754505 ,0.753248 ,0.753613 ,0.754824 ,0.754346 ,0.754004 ,0.754320 ,0.752694 ,0.753586 ,0.751536 ,0.751370 ,0.751989 ,0.751438 ,0.749865 ,0.749945 ,0.748825 ,0.747615 ,0.747859 ,0.746876 ,0.745980 ,0.743381 ,0.741739 ,0.738994 ,0.735640 ,0.732494 ,0.727742 ,0.723410 ,0.718161 ,0.713178 ,0.707145 ,0.698746 ,0.692769 ,0.683723 ,0.676098 ,0.666606 ,0.661573 ,0.657906 ,0.657291 ,0.655169 ,0.654849 ,0.652983 ,0.651662 ,0.650373 ,0.649871 ,0.653349 ,0.652200 ,0.653160 ,0.654592 ,0.657042 ,0.658736 ,0.662554 ,0.666812 ,0.671145 ,0.674408 ,0.676671 ,0.677264 ,0.675884 ,0.679059 ,0.683825 ,0.683414 ,0.680803 ,0.684094 
0.602717 ,0.572614 ,0.551249 ,0.508816 ,0.460390 ,0.404289 ,0.348850 ,0.303342 ,0.268294 ,0.241897 ,0.225431 ,0.213691 ,0.206879 ,0.203428 ,0.202086 ,0.201365 ,0.201040 ,0.201271 ,0.202130 ,0.203192 ,0.204642 ,0.205286 ,0.206814 ,0.208437 ,0.211820 ,0.214850 ,0.218370 ,0.222686 ,0.227158 ,0.231194 ,0.234811 ,0.238153 ,0.240418 ,0.242801 ,0.244853 ,0.246678 ,0.248294 ,0.249700 ,0.251106 ,0.252431 ,0.254506 ,0.255940 ,0.257967 ,0.260770 ,0.264405 ,0.269406 ,0.275576 ,0.282597 ,0.290600 ,0.299444 ,0.308931 ,0.318952 ,0.328981 ,0.338794 ,0.348413 ,0.357398 ,0.365943 ,0.373772 ,0.380684 ,0.387229 ,0.392387 ,0.397065 ,0.401482 ,0.405229 ,0.408462 ,0.411551 ,0.414427 ,0.417337 ,0.419959 ,0.422331 ,0.424610 ,0.426542 ,0.427944 ,0.429097 ,0.430162 ,0.430794 ,0.430891 ,0.430732 ,0.430253 ,0.429993 ,0.429501 ,0.428977 ,0.428525 ,0.428440 ,0.428392 ,0.428229 ,0.427948 ,0.428501 ,0.428698 ,0.428767 ,0.428565 ,0.427955 ,0.427262 ,0.426185 ,0.424710 ,0.423299 ,0.421821 ,0.420907 ,0.420382 ,0.420454 ,0.420764 ,0.421396 ,0.421357 ,0.419748 ,0.416245 ,0.410981 ,0.404462 ,0.397034 ,0.390352 ,0.385340 ,0.382292 ,0.380078 ,0.376136 ,0.370160 ,0.362441 ,0.353957 ,0.346557 ,0.341204 ,0.338569 ,0.339050 ,0.342908 ,0.352223 ,0.369728 ,0.395044 ,0.424716 ,0.454122 ,0.480321 ,0.501921 ,0.520160 ,0.534963 ,0.547742 ,0.559115 ,0.569266 ,0.578927 ,0.588340 ,0.596868 ,0.604786 ,0.612724 ,0.619631 ,0.626406 ,0.632271 ,0.637212 ,0.642035 ,0.646530 ,0.650575 ,0.654724 ,0.658311 ,0.661274 ,0.664347 ,0.666527 ,0.668716 ,0.670744 ,0.672803 ,0.674581 ,0.676078 ,0.678008 ,0.679470 ,0.680941 ,0.682163 ,0.683604 ,0.685352 ,0.686749 ,0.688493 ,0.689969 ,0.691667 ,0.693175 ,0.694093 ,0.695871 ,0.696818 ,0.697884 ,0.699437 ,0.700262 ,0.700658 ,0.701821 ,0.702251 ,0.703036 ,0.703926 ,0.703440 ,0.703477 ,0.703487 ,0.703311 ,0.703709 ,0.704359 ,0.704622 ,0.704777 ,0.706005 ,0.706239 ,0.706585 ,0.707190 ,0.707929 ,0.708320 ,0.709041 ,0.708783 ,0.709443 ,0.709990 ,0.710259 ,0.710071 ,0.710873 ,0.710451 ,0.711654 ,0.712019 ,0.711801 ,0.711781 ,0.711170 ,0.711003 ,0.711332 ,0.710930 ,0.711415 ,0.710707 ,0.711144 ,0.711356 ,0.712238 ,0.712010 ,0.710764 ,0.709915 ,0.708554 ,0.707033 ,0.704917 ,0.702544 ,0.699880 ,0.696075 ,0.693140 ,0.688140 ,0.684302 ,0.679519 ,0.674623 ,0.668363 ,0.661370 ,0.656213 ,0.651935 ,0.649959 ,0.648654 ,0.648260 ,0.647648 ,0.648862 ,0.649028 ,0.649818 ,0.652760 ,0.653749 ,0.656745 ,0.659123 ,0.662452 ,0.666525 ,0.670966 ,0.678718 ,0.682926 ,0.688377 ,0.695384 ,0.700008 ,0.705279 ,0.706582 ,0.711288 ,0.716282 ,0.718865 ,0.723124 ,0.730897 
0.553937 ,0.531761 ,0.514848 ,0.476162 ,0.433924 ,0.383551 ,0.330596 ,0.288558 ,0.254898 ,0.230376 ,0.212274 ,0.204087 ,0.197868 ,0.196872 ,0.196100 ,0.196867 ,0.197401 ,0.199278 ,0.200671 ,0.202234 ,0.203315 ,0.204781 ,0.206883 ,0.208545 ,0.211628 ,0.215748 ,0.220689 ,0.226528 ,0.232536 ,0.238176 ,0.242659 ,0.246425 ,0.248896 ,0.251315 ,0.252824 ,0.254458 ,0.255935 ,0.257232 ,0.258924 ,0.260746 ,0.263193 ,0.265109 ,0.267414 ,0.270255 ,0.274327 ,0.279899 ,0.286734 ,0.294952 ,0.304352 ,0.315046 ,0.326437 ,0.338410 ,0.350645 ,0.362763 ,0.374325 ,0.385577 ,0.396268 ,0.405695 ,0.414350 ,0.422118 ,0.428222 ,0.433442 ,0.438334 ,0.442482 ,0.445695 ,0.448852 ,0.451636 ,0.454665 ,0.457229 ,0.459314 ,0.461627 ,0.463140 ,0.463964 ,0.464488 ,0.464842 ,0.465028 ,0.464269 ,0.462982 ,0.461501 ,0.460070 ,0.458489 ,0.457103 ,0.455777 ,0.454797 ,0.453858 ,0.452952 ,0.452193 ,0.452090 ,0.452071 ,0.451858 ,0.450896 ,0.449751 ,0.448408 ,0.446431 ,0.444080 ,0.441399 ,0.439087 ,0.437248 ,0.436071 ,0.435566 ,0.435503 ,0.435911 ,0.435466 ,0.433177 ,0.428720 ,0.422284 ,0.414216 ,0.405387 ,0.397051 ,0.391129 ,0.387402 ,0.383702 ,0.377964 ,0.369356 ,0.358460 ,0.347193 ,0.337174 ,0.329805 ,0.326032 ,0.325879 ,0.329446 ,0.339970 ,0.359780 ,0.389280 ,0.424743 ,0.459808 ,0.491049 ,0.517160 ,0.538461 ,0.555803 ,0.569924 ,0.582102 ,0.593050 ,0.602983 ,0.612418 ,0.621012 ,0.629185 ,0.637078 ,0.644408 ,0.651319 ,0.657299 ,0.662855 ,0.667051 ,0.671656 ,0.675745 ,0.679773 ,0.683283 ,0.686581 ,0.689413 ,0.691332 ,0.693591 ,0.695540 ,0.697574 ,0.699323 ,0.701049 ,0.702762 ,0.704129 ,0.705674 ,0.706497 ,0.708475 ,0.709869 ,0.711201 ,0.712402 ,0.714397 ,0.715344 ,0.716991 ,0.718120 ,0.719523 ,0.720621 ,0.721823 ,0.723493 ,0.724278 ,0.724694 ,0.725763 ,0.727286 ,0.727475 ,0.727889 ,0.727927 ,0.727995 ,0.728026 ,0.728144 ,0.727633 ,0.728006 ,0.728390 ,0.729422 ,0.729656 ,0.730121 ,0.730465 ,0.731120 ,0.731338 ,0.731664 ,0.731838 ,0.732070 ,0.732163 ,0.732810 ,0.732761 ,0.733366 ,0.733996 ,0.734677 ,0.735130 ,0.735586 ,0.735237 ,0.735513 ,0.734543 ,0.734801 ,0.734970 ,0.734810 ,0.734690 ,0.734754 ,0.734299 ,0.733342 ,0.733757 ,0.734001 ,0.732799 ,0.731086 ,0.730377 ,0.728055 ,0.724867 ,0.722794 ,0.718071 ,0.713366 ,0.710568 ,0.705344 ,0.698878 ,0.692581 ,0.686127 ,0.678672 ,0.670643 ,0.664446 ,0.659261 ,0.657216 ,0.656166 ,0.654882 ,0.655969 ,0.653368 ,0.653605 ,0.653237 ,0.655333 ,0.656122 ,0.657200 ,0.658163 ,0.660405 ,0.661958 ,0.665515 ,0.668607 ,0.673478 ,0.674990 ,0.680970 ,0.684777 ,0.687172 ,0.690163 ,0.692272 ,0.695063 ,0.695040 ,0.694357 ,0.697099 
0.548685 ,0.518739 ,0.507192 ,0.463891 ,0.421675 ,0.367344 ,0.315334 ,0.268428 ,0.233595 ,0.206159 ,0.189302 ,0.175720 ,0.168375 ,0.162866 ,0.160483 ,0.158776 ,0.157053 ,0.156380 ,0.156377 ,0.156278 ,0.156732 ,0.156702 ,0.157675 ,0.158264 ,0.160684 ,0.162882 ,0.166198 ,0.170048 ,0.174042 ,0.177482 ,0.180832 ,0.183580 ,0.185839 ,0.187741 ,0.189385 ,0.191099 ,0.192398 ,0.193660 ,0.195090 ,0.196901 ,0.198697 ,0.200591 ,0.202538 ,0.205010 ,0.208445 ,0.213288 ,0.219304 ,0.226479 ,0.235132 ,0.244386 ,0.254374 ,0.265083 ,0.276250 ,0.287093 ,0.298036 ,0.308370 ,0.318599 ,0.327579 ,0.336087 ,0.343863 ,0.350223 ,0.356022 ,0.361168 ,0.365535 ,0.369365 ,0.373008 ,0.376305 ,0.379862 ,0.383023 ,0.385941 ,0.388834 ,0.391093 ,0.392756 ,0.394013 ,0.394896 ,0.395619 ,0.395650 ,0.395052 ,0.394475 ,0.393587 ,0.392885 ,0.392216 ,0.391655 ,0.391359 ,0.390855 ,0.390668 ,0.390544 ,0.390950 ,0.391168 ,0.391418 ,0.391106 ,0.390675 ,0.389987 ,0.388567 ,0.386864 ,0.384876 ,0.383320 ,0.382029 ,0.381332 ,0.381444 ,0.381737 ,0.382221 ,0.382060 ,0.379862 ,0.375357 ,0.368864 ,0.360583 ,0.351761 ,0.343515 ,0.337932 ,0.334633 ,0.331835 ,0.327570 ,0.320336 ,0.311099 ,0.301327 ,0.292577 ,0.286423 ,0.283363 ,0.283457 ,0.286981 ,0.296668 ,0.315371 ,0.343331 ,0.377408 ,0.412413 ,0.443971 ,0.471168 ,0.493569 ,0.511808 ,0.526359 ,0.538844 ,0.549766 ,0.559776 ,0.568751 ,0.577097 ,0.584692 ,0.592212 ,0.598758 ,0.604506 ,0.610116 ,0.614585 ,0.618992 ,0.622669 ,0.626438 ,0.629877 ,0.632793 ,0.635567 ,0.638121 ,0.639976 ,0.641753 ,0.643381 ,0.645206 ,0.646938 ,0.648528 ,0.650044 ,0.651155 ,0.652383 ,0.653896 ,0.655177 ,0.656999 ,0.658385 ,0.659749 ,0.661379 ,0.662705 ,0.664165 ,0.665244 ,0.666548 ,0.667752 ,0.669453 ,0.670581 ,0.671553 ,0.672503 ,0.673528 ,0.674228 ,0.674785 ,0.675343 ,0.675129 ,0.674541 ,0.674633 ,0.674939 ,0.674973 ,0.675060 ,0.675043 ,0.676279 ,0.676634 ,0.677260 ,0.677338 ,0.677928 ,0.678427 ,0.678957 ,0.679058 ,0.679694 ,0.679771 ,0.680103 ,0.680063 ,0.680600 ,0.680837 ,0.681040 ,0.681595 ,0.681735 ,0.681121 ,0.681422 ,0.680829 ,0.680490 ,0.680552 ,0.680735 ,0.680419 ,0.680086 ,0.679247 ,0.679017 ,0.679281 ,0.679431 ,0.678415 ,0.676497 ,0.674385 ,0.671608 ,0.669128 ,0.666283 ,0.662223 ,0.658429 ,0.653869 ,0.648574 ,0.642792 ,0.636459 ,0.630214 ,0.621420 ,0.613620 ,0.606166 ,0.602238 ,0.598838 ,0.597242 ,0.595798 ,0.595468 ,0.595669 ,0.595936 ,0.595030 ,0.596122 ,0.597743 ,0.599224 ,0.602675 ,0.603281 ,0.607393 ,0.611548 ,0.616804 ,0.620939 ,0.624936 ,0.631230 ,0.636623 ,0.638314 ,0.641687 ,0.643268 ,0.647250 ,0.650200 ,0.649087 ,0.653982 
0.630328 ,0.602665 ,0.578745 ,0.541044 ,0.487583 ,0.426082 ,0.370527 ,0.324267 ,0.283628 ,0.257309 ,0.238191 ,0.226430 ,0.218930 ,0.215746 ,0.213089 ,0.213341 ,0.212580 ,0.213503 ,0.213599 ,0.214910 ,0.215407 ,0.216639 ,0.218190 ,0.219737 ,0.222317 ,0.225534 ,0.230495 ,0.235510 ,0.241402 ,0.246453 ,0.251312 ,0.254714 ,0.257837 ,0.259938 ,0.262009 ,0.263238 ,0.265140 ,0.266614 ,0.268385 ,0.269967 ,0.272527 ,0.274185 ,0.276807 ,0.279512 ,0.283380 ,0.288847 ,0.295552 ,0.303328 ,0.312489 ,0.323244 ,0.334104 ,0.345822 ,0.357791 ,0.369387 ,0.380639 ,0.391635 ,0.401922 ,0.411091 ,0.419289 ,0.426936 ,0.432990 ,0.437999 ,0.442760 ,0.446844 ,0.450233 ,0.453325 ,0.456421 ,0.459212 ,0.462300 ,0.464196 ,0.466542 ,0.468302 ,0.469624 ,0.470236 ,0.470971 ,0.471728 ,0.471076 ,0.470150 ,0.469336 ,0.468353 ,0.467093 ,0.465782 ,0.464578 ,0.464059 ,0.463449 ,0.462914 ,0.462451 ,0.462377 ,0.462425 ,0.462345 ,0.461645 ,0.460891 ,0.459228 ,0.457390 ,0.454998 ,0.452305 ,0.450108 ,0.448398 ,0.446886 ,0.446576 ,0.446565 ,0.446806 ,0.446595 ,0.444648 ,0.440893 ,0.435061 ,0.427812 ,0.419812 ,0.412065 ,0.406078 ,0.401974 ,0.397607 ,0.391288 ,0.381665 ,0.370222 ,0.358110 ,0.347112 ,0.338915 ,0.333891 ,0.332340 ,0.334764 ,0.343773 ,0.362345 ,0.390747 ,0.425177 ,0.459927 ,0.490679 ,0.516219 ,0.537330 ,0.554418 ,0.568194 ,0.580199 ,0.590709 ,0.600302 ,0.609120 ,0.617487 ,0.624992 ,0.632457 ,0.638791 ,0.645029 ,0.650568 ,0.655420 ,0.659492 ,0.663343 ,0.667144 ,0.671282 ,0.674081 ,0.677132 ,0.679243 ,0.682078 ,0.684087 ,0.685430 ,0.687489 ,0.689191 ,0.690815 ,0.692598 ,0.694125 ,0.695274 ,0.696622 ,0.697909 ,0.699457 ,0.701437 ,0.702497 ,0.703731 ,0.705171 ,0.706185 ,0.707875 ,0.708575 ,0.710278 ,0.711248 ,0.712524 ,0.713077 ,0.714045 ,0.714585 ,0.715631 ,0.715816 ,0.716302 ,0.716086 ,0.716220 ,0.715673 ,0.715486 ,0.716105 ,0.716054 ,0.716557 ,0.717063 ,0.717907 ,0.718300 ,0.718519 ,0.719613 ,0.719445 ,0.720061 ,0.720443 ,0.720834 ,0.721244 ,0.721122 ,0.722051 ,0.721867 ,0.722890 ,0.722885 ,0.723475 ,0.723409 ,0.723525 ,0.723704 ,0.722809 ,0.723100 ,0.722755 ,0.723007 ,0.723047 ,0.723709 ,0.723557 ,0.722995 ,0.722963 ,0.722820 ,0.722496 ,0.721444 ,0.718718 ,0.717666 ,0.714907 ,0.711540 ,0.708017 ,0.703959 ,0.699536 ,0.694541 ,0.689572 ,0.683034 ,0.677253 ,0.669422 ,0.663011 ,0.657386 ,0.652271 ,0.649758 ,0.648103 ,0.647916 ,0.648029 ,0.647741 ,0.647591 ,0.648094 ,0.651110 ,0.651442 ,0.653819 ,0.655900 ,0.657786 ,0.661885 ,0.665490 ,0.671236 ,0.676037 ,0.681534 ,0.685999 ,0.689377 ,0.694879 ,0.698066 ,0.702403 ,0.703642 ,0.705559 ,0.708712 ,0.712446 
0.599519 ,0.566845 ,0.546771 ,0.501093 ,0.449117 ,0.392897 ,0.338381 ,0.291095 ,0.254022 ,0.227838 ,0.209663 ,0.199765 ,0.191305 ,0.186738 ,0.184608 ,0.183708 ,0.182270 ,0.182307 ,0.181273 ,0.182048 ,0.181586 ,0.181336 ,0.181805 ,0.182868 ,0.185355 ,0.188229 ,0.192461 ,0.197489 ,0.202771 ,0.207443 ,0.211220 ,0.214499 ,0.216492 ,0.218249 ,0.219752 ,0.220903 ,0.222251 ,0.223432 ,0.224566 ,0.226803 ,0.228921 ,0.230886 ,0.233145 ,0.235671 ,0.239370 ,0.244916 ,0.251203 ,0.259339 ,0.268605 ,0.279012 ,0.290168 ,0.302036 ,0.314313 ,0.326186 ,0.337720 ,0.348949 ,0.359762 ,0.369357 ,0.378247 ,0.386090 ,0.393029 ,0.398440 ,0.403625 ,0.407588 ,0.411259 ,0.414534 ,0.417838 ,0.420897 ,0.423669 ,0.426456 ,0.428922 ,0.430885 ,0.431986 ,0.432834 ,0.433875 ,0.434134 ,0.433403 ,0.432330 ,0.430895 ,0.429644 ,0.428104 ,0.426950 ,0.425569 ,0.424651 ,0.423748 ,0.423404 ,0.422774 ,0.422804 ,0.422707 ,0.422771 ,0.422017 ,0.420956 ,0.419345 ,0.417289 ,0.414723 ,0.411997 ,0.409707 ,0.407798 ,0.406478 ,0.406040 ,0.406380 ,0.406751 ,0.406234 ,0.403572 ,0.398960 ,0.391794 ,0.383273 ,0.373991 ,0.365166 ,0.359085 ,0.354994 ,0.350931 ,0.344398 ,0.334764 ,0.323006 ,0.310809 ,0.300061 ,0.292549 ,0.288355 ,0.287730 ,0.291555 ,0.302323 ,0.323262 ,0.354258 ,0.391607 ,0.429520 ,0.463670 ,0.492410 ,0.516532 ,0.536111 ,0.551959 ,0.565250 ,0.577071 ,0.587921 ,0.597499 ,0.607234 ,0.615934 ,0.623863 ,0.631132 ,0.637477 ,0.643780 ,0.648597 ,0.653597 ,0.657946 ,0.662135 ,0.666083 ,0.669465 ,0.672733 ,0.675039 ,0.677489 ,0.679110 ,0.680639 ,0.682754 ,0.684916 ,0.686116 ,0.687980 ,0.689092 ,0.690383 ,0.691434 ,0.693048 ,0.694574 ,0.695807 ,0.697466 ,0.699472 ,0.700750 ,0.702108 ,0.703257 ,0.704475 ,0.705552 ,0.707392 ,0.708231 ,0.709416 ,0.710705 ,0.711414 ,0.712610 ,0.713262 ,0.713479 ,0.712807 ,0.712928 ,0.712660 ,0.713359 ,0.713020 ,0.713686 ,0.713688 ,0.714631 ,0.715303 ,0.715654 ,0.715875 ,0.716333 ,0.717001 ,0.717201 ,0.717761 ,0.718340 ,0.718401 ,0.718650 ,0.718772 ,0.718826 ,0.720396 ,0.719528 ,0.720013 ,0.720374 ,0.719602 ,0.720552 ,0.719582 ,0.718814 ,0.719199 ,0.719563 ,0.718874 ,0.719129 ,0.718919 ,0.719300 ,0.718726 ,0.718457 ,0.717149 ,0.716777 ,0.714451 ,0.712050 ,0.710374 ,0.706742 ,0.704178 ,0.699486 ,0.695899 ,0.690361 ,0.685334 ,0.679405 ,0.674736 ,0.665797 ,0.658907 ,0.652060 ,0.648533 ,0.645219 ,0.643501 ,0.643861 ,0.642511 ,0.642964 ,0.643375 ,0.643551 ,0.644642 ,0.644499 ,0.647791 ,0.649364 ,0.651478 ,0.654881 ,0.659478 ,0.665608 ,0.668840 ,0.674047 ,0.679022 ,0.683921 ,0.688418 ,0.690236 ,0.690892 ,0.694085 ,0.700155 ,0.697798 ,0.704161 
0.608584 ,0.591580 ,0.558319 ,0.523324 ,0.479239 ,0.422790 ,0.374579 ,0.332055 ,0.301058 ,0.279415 ,0.266231 ,0.256789 ,0.250333 ,0.248198 ,0.247508 ,0.247850 ,0.246259 ,0.247270 ,0.247793 ,0.248174 ,0.249300 ,0.248826 ,0.249308 ,0.251056 ,0.254716 ,0.258084 ,0.263092 ,0.269634 ,0.275577 ,0.281339 ,0.285335 ,0.288971 ,0.291138 ,0.292619 ,0.293731 ,0.294994 ,0.296058 ,0.297162 ,0.297718 ,0.299535 ,0.302171 ,0.304094 ,0.306215 ,0.308979 ,0.312788 ,0.318090 ,0.325331 ,0.333657 ,0.343502 ,0.354297 ,0.366489 ,0.379196 ,0.391495 ,0.404870 ,0.417268 ,0.429228 ,0.440785 ,0.450777 ,0.460374 ,0.467909 ,0.474590 ,0.479635 ,0.484471 ,0.488369 ,0.491531 ,0.494511 ,0.496859 ,0.499024 ,0.501545 ,0.503782 ,0.505502 ,0.506682 ,0.507613 ,0.507602 ,0.507075 ,0.506397 ,0.505381 ,0.503201 ,0.501095 ,0.498788 ,0.496541 ,0.494389 ,0.492862 ,0.491206 ,0.489958 ,0.488732 ,0.487761 ,0.487336 ,0.487000 ,0.486469 ,0.485615 ,0.483775 ,0.482229 ,0.479437 ,0.476683 ,0.473484 ,0.471102 ,0.468833 ,0.467566 ,0.467011 ,0.466979 ,0.466734 ,0.466338 ,0.463419 ,0.458648 ,0.451702 ,0.443162 ,0.433989 ,0.425387 ,0.419311 ,0.415458 ,0.411236 ,0.404635 ,0.395184 ,0.383740 ,0.372033 ,0.361330 ,0.353753 ,0.349861 ,0.348787 ,0.352473 ,0.362566 ,0.383016 ,0.413654 ,0.450934 ,0.488581 ,0.522328 ,0.550800 ,0.574041 ,0.592673 ,0.608289 ,0.621209 ,0.633507 ,0.644739 ,0.654638 ,0.663786 ,0.673318 ,0.681646 ,0.689109 ,0.695644 ,0.702547 ,0.707840 ,0.713467 ,0.718114 ,0.722649 ,0.727090 ,0.730796 ,0.733908 ,0.737280 ,0.739293 ,0.742140 ,0.744536 ,0.747104 ,0.749067 ,0.750872 ,0.752427 ,0.753922 ,0.755654 ,0.757231 ,0.758846 ,0.760715 ,0.763042 ,0.764372 ,0.765868 ,0.767644 ,0.768334 ,0.769735 ,0.771278 ,0.771999 ,0.773622 ,0.775516 ,0.776367 ,0.777962 ,0.779253 ,0.779519 ,0.780425 ,0.780813 ,0.780387 ,0.780749 ,0.779729 ,0.780171 ,0.780156 ,0.780527 ,0.781431 ,0.781543 ,0.781374 ,0.782211 ,0.783434 ,0.783988 ,0.784072 ,0.784718 ,0.785751 ,0.785741 ,0.784973 ,0.785521 ,0.786408 ,0.786222 ,0.786861 ,0.787338 ,0.787068 ,0.787278 ,0.788271 ,0.789425 ,0.787859 ,0.786967 ,0.787322 ,0.787461 ,0.788056 ,0.786222 ,0.787326 ,0.786198 ,0.786712 ,0.787066 ,0.785987 ,0.784194 ,0.781802 ,0.779862 ,0.776121 ,0.774159 ,0.769793 ,0.764818 ,0.760763 ,0.754521 ,0.748285 ,0.741892 ,0.735894 ,0.727125 ,0.716643 ,0.711371 ,0.707263 ,0.704081 ,0.701716 ,0.701815 ,0.700974 ,0.701865 ,0.701261 ,0.700912 ,0.704175 ,0.705123 ,0.706337 ,0.708923 ,0.711798 ,0.713601 ,0.719155 ,0.724446 ,0.727369 ,0.733637 ,0.739599 ,0.745498 ,0.744920 ,0.748510 ,0.751717 ,0.754028 ,0.758520 ,0.755521 ,0.763982 
0.667558 ,0.638674 ,0.605002 ,0.565698 ,0.504902 ,0.438458 ,0.371983 ,0.317243 ,0.272616 ,0.240869 ,0.217361 ,0.201432 ,0.189661 ,0.183879 ,0.178036 ,0.175339 ,0.171979 ,0.170613 ,0.169053 ,0.168582 ,0.168030 ,0.167843 ,0.167798 ,0.168191 ,0.170159 ,0.171797 ,0.174994 ,0.178470 ,0.182414 ,0.185882 ,0.188920 ,0.191797 ,0.193994 ,0.195593 ,0.196921 ,0.198410 ,0.199655 ,0.200837 ,0.201951 ,0.203617 ,0.205357 ,0.207165 ,0.209004 ,0.211326 ,0.214285 ,0.218727 ,0.224695 ,0.231344 ,0.239272 ,0.248034 ,0.257937 ,0.268215 ,0.278758 ,0.289408 ,0.299571 ,0.309759 ,0.319415 ,0.328219 ,0.336707 ,0.343859 ,0.349958 ,0.355411 ,0.360145 ,0.363925 ,0.367521 ,0.370931 ,0.373477 ,0.376582 ,0.379247 ,0.381739 ,0.384167 ,0.386004 ,0.386929 ,0.387699 ,0.388003 ,0.388192 ,0.387746 ,0.386332 ,0.385133 ,0.383631 ,0.382421 ,0.381111 ,0.379836 ,0.379114 ,0.378173 ,0.377533 ,0.377285 ,0.377206 ,0.377447 ,0.377131 ,0.376502 ,0.375375 ,0.374202 ,0.371804 ,0.369311 ,0.366663 ,0.364609 ,0.362838 ,0.361775 ,0.361195 ,0.361104 ,0.361380 ,0.361184 ,0.359283 ,0.355406 ,0.350085 ,0.343401 ,0.336040 ,0.328910 ,0.323854 ,0.320397 ,0.316463 ,0.310567 ,0.302172 ,0.291886 ,0.281828 ,0.272841 ,0.266714 ,0.263342 ,0.262893 ,0.265976 ,0.274870 ,0.291969 ,0.317557 ,0.348554 ,0.380436 ,0.410140 ,0.436344 ,0.458564 ,0.477043 ,0.492637 ,0.505760 ,0.517893 ,0.529169 ,0.538979 ,0.548546 ,0.557530 ,0.566304 ,0.574067 ,0.581139 ,0.587702 ,0.593277 ,0.598350 ,0.602907 ,0.607554 ,0.612046 ,0.615098 ,0.618343 ,0.621334 ,0.623704 ,0.626004 ,0.628000 ,0.630134 ,0.631797 ,0.633500 ,0.635097 ,0.636827 ,0.638297 ,0.639549 ,0.641271 ,0.643067 ,0.644507 ,0.645818 ,0.647611 ,0.649029 ,0.650042 ,0.651719 ,0.653213 ,0.653751 ,0.654643 ,0.656510 ,0.656551 ,0.657423 ,0.659069 ,0.659548 ,0.659811 ,0.660487 ,0.660533 ,0.660078 ,0.659694 ,0.660105 ,0.659840 ,0.660490 ,0.660847 ,0.661715 ,0.661984 ,0.662647 ,0.663450 ,0.663894 ,0.664387 ,0.664898 ,0.665493 ,0.665324 ,0.666004 ,0.666048 ,0.666192 ,0.666335 ,0.667144 ,0.667216 ,0.667681 ,0.667935 ,0.668226 ,0.668847 ,0.668059 ,0.667530 ,0.667623 ,0.668164 ,0.667745 ,0.668105 ,0.668303 ,0.667429 ,0.668015 ,0.668215 ,0.667268 ,0.666277 ,0.663858 ,0.661387 ,0.658509 ,0.655166 ,0.651348 ,0.647584 ,0.643684 ,0.638289 ,0.633052 ,0.627042 ,0.621653 ,0.613479 ,0.605473 ,0.599137 ,0.595765 ,0.593479 ,0.591722 ,0.591717 ,0.591311 ,0.592040 ,0.591528 ,0.592234 ,0.595580 ,0.595830 ,0.598760 ,0.601513 ,0.605434 ,0.607468 ,0.612448 ,0.619155 ,0.622637 ,0.628008 ,0.635612 ,0.639111 ,0.642280 ,0.646109 ,0.651906 ,0.655817 ,0.657155 ,0.656915 ,0.664739 
0.617433 ,0.591139 ,0.566606 ,0.518421 ,0.470461 ,0.411560 ,0.352956 ,0.304695 ,0.267623 ,0.239877 ,0.222359 ,0.208659 ,0.202183 ,0.197262 ,0.194711 ,0.193642 ,0.193155 ,0.192455 ,0.193218 ,0.193646 ,0.194720 ,0.194934 ,0.196334 ,0.197200 ,0.200157 ,0.202984 ,0.206949 ,0.211603 ,0.216696 ,0.220976 ,0.224481 ,0.227947 ,0.230428 ,0.232811 ,0.234861 ,0.236718 ,0.238456 ,0.240088 ,0.241382 ,0.242983 ,0.245475 ,0.247440 ,0.249490 ,0.252465 ,0.256320 ,0.261747 ,0.268373 ,0.276125 ,0.285325 ,0.295251 ,0.305697 ,0.316522 ,0.327763 ,0.338547 ,0.348715 ,0.358407 ,0.367752 ,0.375770 ,0.383293 ,0.389792 ,0.395743 ,0.400292 ,0.404917 ,0.408833 ,0.411962 ,0.415497 ,0.418397 ,0.421243 ,0.424441 ,0.426718 ,0.429346 ,0.431470 ,0.432855 ,0.434329 ,0.435562 ,0.436208 ,0.436847 ,0.436381 ,0.436549 ,0.436224 ,0.435759 ,0.435170 ,0.434853 ,0.434751 ,0.434414 ,0.434347 ,0.434261 ,0.434523 ,0.434814 ,0.435037 ,0.434694 ,0.434299 ,0.433460 ,0.432467 ,0.430736 ,0.429095 ,0.427507 ,0.426328 ,0.425668 ,0.425636 ,0.425813 ,0.426300 ,0.426260 ,0.424471 ,0.420419 ,0.414538 ,0.407176 ,0.399012 ,0.391332 ,0.385704 ,0.382530 ,0.379652 ,0.375192 ,0.367904 ,0.358743 ,0.348204 ,0.338687 ,0.331725 ,0.327833 ,0.327534 ,0.331365 ,0.341665 ,0.361362 ,0.389785 ,0.422440 ,0.454084 ,0.481194 ,0.503277 ,0.521450 ,0.536060 ,0.548160 ,0.558760 ,0.568189 ,0.577282 ,0.585260 ,0.593049 ,0.600126 ,0.607222 ,0.613524 ,0.618887 ,0.624309 ,0.628737 ,0.632962 ,0.637197 ,0.640715 ,0.644192 ,0.647873 ,0.650563 ,0.652985 ,0.655044 ,0.657013 ,0.658910 ,0.660539 ,0.662619 ,0.664200 ,0.665887 ,0.667468 ,0.668495 ,0.670329 ,0.671255 ,0.673319 ,0.674870 ,0.676237 ,0.677710 ,0.679372 ,0.680765 ,0.681586 ,0.682923 ,0.684090 ,0.685471 ,0.686891 ,0.688100 ,0.688820 ,0.689965 ,0.690268 ,0.690919 ,0.691804 ,0.691873 ,0.691449 ,0.691240 ,0.691438 ,0.691460 ,0.691992 ,0.692827 ,0.692746 ,0.693516 ,0.694151 ,0.694645 ,0.695328 ,0.695948 ,0.696015 ,0.696835 ,0.697294 ,0.697569 ,0.697792 ,0.698168 ,0.698594 ,0.698535 ,0.698814 ,0.699740 ,0.699626 ,0.699322 ,0.699732 ,0.699015 ,0.699720 ,0.698873 ,0.699035 ,0.699667 ,0.699214 ,0.698684 ,0.699433 ,0.699537 ,0.699758 ,0.698409 ,0.698137 ,0.696439 ,0.693631 ,0.692008 ,0.690183 ,0.686509 ,0.682999 ,0.678895 ,0.674585 ,0.670750 ,0.664795 ,0.660409 ,0.653211 ,0.646437 ,0.640263 ,0.637395 ,0.634016 ,0.632473 ,0.631258 ,0.630648 ,0.631468 ,0.631485 ,0.630231 ,0.634576 ,0.634701 ,0.637205 ,0.638402 ,0.641157 ,0.643321 ,0.649709 ,0.655948 ,0.658551 ,0.665466 ,0.672485 ,0.676767 ,0.680331 ,0.683007 ,0.685595 ,0.689559 ,0.690906 ,0.691050 ,0.701702 
0.552377 ,0.528224 ,0.506484 ,0.475556 ,0.424021 ,0.374226 ,0.316608 ,0.271800 ,0.235412 ,0.207475 ,0.187369 ,0.175792 ,0.166923 ,0.163477 ,0.159781 ,0.158871 ,0.156842 ,0.157077 ,0.156881 ,0.157256 ,0.157413 ,0.157529 ,0.157680 ,0.158339 ,0.160655 ,0.162957 ,0.166358 ,0.170275 ,0.174642 ,0.178870 ,0.182174 ,0.185271 ,0.187202 ,0.188829 ,0.190057 ,0.191416 ,0.192387 ,0.193669 ,0.195047 ,0.197012 ,0.198818 ,0.200666 ,0.202628 ,0.204866 ,0.207902 ,0.212282 ,0.217861 ,0.224568 ,0.232528 ,0.241686 ,0.251447 ,0.261942 ,0.272794 ,0.283968 ,0.294935 ,0.305604 ,0.315696 ,0.325073 ,0.333818 ,0.341823 ,0.348408 ,0.354364 ,0.359735 ,0.364118 ,0.367915 ,0.371628 ,0.374822 ,0.378085 ,0.381108 ,0.384264 ,0.386991 ,0.389356 ,0.390837 ,0.391969 ,0.393145 ,0.393670 ,0.393351 ,0.392574 ,0.391333 ,0.390062 ,0.388893 ,0.387805 ,0.386948 ,0.386238 ,0.385591 ,0.385093 ,0.384731 ,0.384950 ,0.385371 ,0.385432 ,0.384981 ,0.384110 ,0.383152 ,0.381160 ,0.378780 ,0.376137 ,0.373777 ,0.371917 ,0.370676 ,0.370431 ,0.370517 ,0.371031 ,0.370712 ,0.368708 ,0.364687 ,0.358691 ,0.350862 ,0.342317 ,0.334179 ,0.327833 ,0.323879 ,0.320313 ,0.314704 ,0.306077 ,0.295329 ,0.284264 ,0.274269 ,0.267009 ,0.263030 ,0.262483 ,0.265054 ,0.273657 ,0.290805 ,0.317809 ,0.352136 ,0.388338 ,0.422740 ,0.452586 ,0.478053 ,0.499039 ,0.515882 ,0.530096 ,0.542844 ,0.554200 ,0.564649 ,0.574534 ,0.583394 ,0.591904 ,0.599612 ,0.607056 ,0.613102 ,0.618650 ,0.623835 ,0.628414 ,0.632577 ,0.636756 ,0.640098 ,0.643252 ,0.646089 ,0.648574 ,0.650447 ,0.652709 ,0.654629 ,0.656401 ,0.658151 ,0.660159 ,0.661742 ,0.663035 ,0.664123 ,0.665584 ,0.667748 ,0.669503 ,0.670735 ,0.672518 ,0.673766 ,0.675340 ,0.676659 ,0.678135 ,0.679441 ,0.680425 ,0.682351 ,0.683375 ,0.684319 ,0.685088 ,0.686400 ,0.686827 ,0.687367 ,0.687647 ,0.687708 ,0.687695 ,0.687938 ,0.687790 ,0.688157 ,0.688079 ,0.689026 ,0.689518 ,0.690310 ,0.690351 ,0.691435 ,0.691439 ,0.691550 ,0.692158 ,0.692634 ,0.692922 ,0.692848 ,0.693197 ,0.693570 ,0.694531 ,0.694952 ,0.695288 ,0.695479 ,0.694692 ,0.695260 ,0.694104 ,0.694604 ,0.694880 ,0.694802 ,0.695169 ,0.694142 ,0.693914 ,0.692805 ,0.693098 ,0.693352 ,0.692908 ,0.690144 ,0.689051 ,0.687248 ,0.684137 ,0.681244 ,0.676694 ,0.673507 ,0.669144 ,0.664097 ,0.658033 ,0.651265 ,0.644948 ,0.637595 ,0.628912 ,0.621815 ,0.616830 ,0.614104 ,0.613748 ,0.611066 ,0.611448 ,0.611418 ,0.611118 ,0.609122 ,0.610984 ,0.612434 ,0.613324 ,0.615319 ,0.618247 ,0.621473 ,0.624322 ,0.628310 ,0.630655 ,0.635782 ,0.641274 ,0.645203 ,0.647527 ,0.649603 ,0.652285 ,0.654959 ,0.655937 ,0.656983 ,0.657919 
0.692609 ,0.666479 ,0.627686 ,0.581972 ,0.523693 ,0.452430 ,0.385696 ,0.329004 ,0.284320 ,0.253267 ,0.231371 ,0.215947 ,0.205184 ,0.199984 ,0.196262 ,0.194065 ,0.192814 ,0.192547 ,0.192078 ,0.191712 ,0.192016 ,0.191859 ,0.193005 ,0.194131 ,0.195673 ,0.198171 ,0.201149 ,0.205291 ,0.209761 ,0.213386 ,0.216804 ,0.219929 ,0.222133 ,0.223939 ,0.225672 ,0.227229 ,0.228360 ,0.229767 ,0.230767 ,0.232169 ,0.234170 ,0.235984 ,0.237569 ,0.240344 ,0.243785 ,0.248530 ,0.254798 ,0.262027 ,0.270503 ,0.279836 ,0.290089 ,0.301015 ,0.311772 ,0.323072 ,0.333974 ,0.344345 ,0.354094 ,0.363173 ,0.371558 ,0.378467 ,0.384929 ,0.390150 ,0.394847 ,0.399314 ,0.402676 ,0.405813 ,0.408696 ,0.411787 ,0.415006 ,0.417090 ,0.419343 ,0.421491 ,0.423114 ,0.424223 ,0.424738 ,0.425073 ,0.425148 ,0.424177 ,0.423195 ,0.422330 ,0.421374 ,0.420472 ,0.419360 ,0.418830 ,0.418289 ,0.417774 ,0.417191 ,0.417167 ,0.417018 ,0.417183 ,0.416740 ,0.415762 ,0.414874 ,0.413364 ,0.411806 ,0.409568 ,0.407827 ,0.406153 ,0.405121 ,0.404955 ,0.405212 ,0.405511 ,0.405406 ,0.403535 ,0.399491 ,0.393460 ,0.385593 ,0.377062 ,0.368916 ,0.362823 ,0.359393 ,0.356429 ,0.351981 ,0.344891 ,0.335874 ,0.326153 ,0.317172 ,0.310651 ,0.307475 ,0.307246 ,0.310925 ,0.320520 ,0.338469 ,0.365262 ,0.397830 ,0.431034 ,0.461033 ,0.486769 ,0.507968 ,0.525475 ,0.540102 ,0.552076 ,0.563101 ,0.573682 ,0.583020 ,0.592110 ,0.600694 ,0.608635 ,0.615761 ,0.622463 ,0.628717 ,0.634019 ,0.639686 ,0.643746 ,0.647930 ,0.652106 ,0.655610 ,0.659067 ,0.661720 ,0.664040 ,0.666185 ,0.668297 ,0.670297 ,0.672229 ,0.674307 ,0.675715 ,0.677527 ,0.678730 ,0.680884 ,0.681892 ,0.683648 ,0.685206 ,0.687051 ,0.688606 ,0.690250 ,0.691515 ,0.692840 ,0.694028 ,0.694696 ,0.696081 ,0.697736 ,0.698990 ,0.700252 ,0.700913 ,0.701760 ,0.702433 ,0.703075 ,0.703397 ,0.703494 ,0.703306 ,0.703971 ,0.704274 ,0.704864 ,0.705612 ,0.706391 ,0.705998 ,0.707197 ,0.708028 ,0.709226 ,0.709674 ,0.710853 ,0.711663 ,0.712095 ,0.711811 ,0.712579 ,0.713265 ,0.713213 ,0.713728 ,0.714204 ,0.715110 ,0.715224 ,0.715940 ,0.716528 ,0.716450 ,0.715920 ,0.716391 ,0.716486 ,0.717187 ,0.717316 ,0.717651 ,0.717992 ,0.719247 ,0.719480 ,0.719064 ,0.717829 ,0.717140 ,0.715184 ,0.713656 ,0.710230 ,0.707508 ,0.704594 ,0.701579 ,0.698108 ,0.694226 ,0.690613 ,0.686592 ,0.680973 ,0.673059 ,0.667852 ,0.664134 ,0.662102 ,0.659802 ,0.661058 ,0.660328 ,0.662271 ,0.663046 ,0.663317 ,0.666877 ,0.668960 ,0.670395 ,0.674889 ,0.679098 ,0.683721 ,0.689190 ,0.694658 ,0.699614 ,0.705668 ,0.714078 ,0.717618 ,0.721624 ,0.727381 ,0.733082 ,0.734942 ,0.739797 ,0.743031 ,0.750710 
0.662245 ,0.633668 ,0.600010 ,0.560438 ,0.502000 ,0.436075 ,0.370698 ,0.318048 ,0.274543 ,0.244251 ,0.222061 ,0.208405 ,0.198171 ,0.193599 ,0.189975 ,0.188515 ,0.186780 ,0.187033 ,0.186526 ,0.186627 ,0.186993 ,0.187091 ,0.187766 ,0.189010 ,0.191124 ,0.193770 ,0.196920 ,0.201212 ,0.205809 ,0.209873 ,0.213537 ,0.216745 ,0.219095 ,0.220892 ,0.222377 ,0.224063 ,0.225207 ,0.226341 ,0.227505 ,0.229200 ,0.231082 ,0.233061 ,0.234958 ,0.237627 ,0.241125 ,0.245936 ,0.252493 ,0.260004 ,0.268806 ,0.278762 ,0.289551 ,0.301207 ,0.312848 ,0.324928 ,0.336718 ,0.348269 ,0.358984 ,0.369034 ,0.378261 ,0.386390 ,0.393429 ,0.399464 ,0.404868 ,0.409575 ,0.413410 ,0.417091 ,0.420383 ,0.423552 ,0.427038 ,0.429661 ,0.432223 ,0.434552 ,0.436102 ,0.437215 ,0.438021 ,0.438533 ,0.438081 ,0.437065 ,0.435779 ,0.434610 ,0.433357 ,0.432220 ,0.430932 ,0.430325 ,0.429587 ,0.428934 ,0.428354 ,0.428445 ,0.428474 ,0.428570 ,0.428110 ,0.426964 ,0.425953 ,0.424164 ,0.422035 ,0.419474 ,0.417297 ,0.415469 ,0.414240 ,0.414010 ,0.414267 ,0.414429 ,0.414310 ,0.412236 ,0.407837 ,0.401112 ,0.392537 ,0.383275 ,0.374328 ,0.367713 ,0.363834 ,0.360521 ,0.355351 ,0.347384 ,0.337337 ,0.326703 ,0.317154 ,0.310062 ,0.306699 ,0.306301 ,0.309890 ,0.319640 ,0.338151 ,0.366395 ,0.401165 ,0.437506 ,0.471198 ,0.500335 ,0.524730 ,0.544766 ,0.561091 ,0.574485 ,0.586730 ,0.597799 ,0.607750 ,0.617188 ,0.625997 ,0.634121 ,0.641704 ,0.648736 ,0.654775 ,0.660037 ,0.665494 ,0.669531 ,0.673658 ,0.677950 ,0.681240 ,0.684427 ,0.687183 ,0.689631 ,0.691493 ,0.693699 ,0.695455 ,0.697284 ,0.699180 ,0.700841 ,0.702589 ,0.703725 ,0.705264 ,0.706419 ,0.708372 ,0.710046 ,0.711605 ,0.713211 ,0.714850 ,0.716101 ,0.717546 ,0.718706 ,0.719734 ,0.720935 ,0.722717 ,0.723775 ,0.724949 ,0.725604 ,0.726580 ,0.727079 ,0.727840 ,0.727991 ,0.728281 ,0.727979 ,0.728209 ,0.728232 ,0.728917 ,0.729007 ,0.729775 ,0.729768 ,0.730604 ,0.731256 ,0.732249 ,0.732519 ,0.733298 ,0.733924 ,0.734532 ,0.734331 ,0.734458 ,0.735165 ,0.735255 ,0.736026 ,0.736387 ,0.736718 ,0.736795 ,0.737022 ,0.737398 ,0.736846 ,0.736092 ,0.737054 ,0.736895 ,0.737028 ,0.736688 ,0.736928 ,0.736320 ,0.736688 ,0.737478 ,0.736635 ,0.734656 ,0.733663 ,0.731463 ,0.729045 ,0.725665 ,0.721454 ,0.718134 ,0.714144 ,0.709591 ,0.704010 ,0.698452 ,0.693269 ,0.686639 ,0.678000 ,0.671674 ,0.666825 ,0.664644 ,0.662001 ,0.661582 ,0.661412 ,0.661983 ,0.662200 ,0.661436 ,0.663603 ,0.664961 ,0.666502 ,0.669337 ,0.672867 ,0.676680 ,0.680618 ,0.685311 ,0.689261 ,0.693832 ,0.700995 ,0.703810 ,0.708103 ,0.712044 ,0.715567 ,0.716777 ,0.719871 ,0.722512 ,0.726797 
0.604709 ,0.575384 ,0.547604 ,0.501769 ,0.459905 ,0.395023 ,0.341318 ,0.292004 ,0.257575 ,0.230229 ,0.212897 ,0.200431 ,0.193019 ,0.188496 ,0.186483 ,0.183906 ,0.182456 ,0.181968 ,0.182109 ,0.182193 ,0.183182 ,0.183009 ,0.183613 ,0.185004 ,0.187972 ,0.190126 ,0.193762 ,0.198424 ,0.202881 ,0.207023 ,0.210313 ,0.213293 ,0.215613 ,0.217438 ,0.218965 ,0.220821 ,0.222274 ,0.223463 ,0.224355 ,0.226377 ,0.228429 ,0.230311 ,0.232544 ,0.235254 ,0.238915 ,0.244092 ,0.251189 ,0.258890 ,0.267870 ,0.278079 ,0.288942 ,0.300943 ,0.312565 ,0.324678 ,0.336299 ,0.347853 ,0.358735 ,0.368492 ,0.377585 ,0.385609 ,0.392432 ,0.398074 ,0.403364 ,0.407810 ,0.411521 ,0.415139 ,0.418212 ,0.421214 ,0.424479 ,0.427104 ,0.429718 ,0.431507 ,0.432928 ,0.433854 ,0.434219 ,0.434171 ,0.433610 ,0.432476 ,0.431141 ,0.429734 ,0.428262 ,0.427003 ,0.425814 ,0.425197 ,0.424321 ,0.423616 ,0.423223 ,0.423254 ,0.423362 ,0.423272 ,0.422863 ,0.421485 ,0.420398 ,0.418532 ,0.416337 ,0.413902 ,0.411916 ,0.410235 ,0.409348 ,0.409245 ,0.409501 ,0.409570 ,0.409248 ,0.406618 ,0.401917 ,0.394917 ,0.386520 ,0.377576 ,0.369246 ,0.363717 ,0.360425 ,0.356982 ,0.351679 ,0.343737 ,0.334017 ,0.323991 ,0.315237 ,0.309147 ,0.306448 ,0.306480 ,0.310820 ,0.321219 ,0.341111 ,0.369753 ,0.404015 ,0.438618 ,0.470460 ,0.497915 ,0.520935 ,0.539727 ,0.555174 ,0.567850 ,0.579699 ,0.590566 ,0.599846 ,0.608605 ,0.617151 ,0.624703 ,0.631629 ,0.637693 ,0.643576 ,0.648166 ,0.652891 ,0.656917 ,0.661117 ,0.664970 ,0.668129 ,0.670663 ,0.673747 ,0.675356 ,0.677505 ,0.679638 ,0.681831 ,0.683467 ,0.684962 ,0.686477 ,0.687756 ,0.689140 ,0.690747 ,0.691861 ,0.693771 ,0.695634 ,0.697227 ,0.698846 ,0.700209 ,0.701556 ,0.702679 ,0.703800 ,0.704807 ,0.706573 ,0.708116 ,0.708588 ,0.710354 ,0.711522 ,0.711640 ,0.712210 ,0.712939 ,0.712789 ,0.712598 ,0.712091 ,0.712273 ,0.712227 ,0.712598 ,0.713428 ,0.713520 ,0.713639 ,0.714582 ,0.715515 ,0.715964 ,0.715988 ,0.716247 ,0.717363 ,0.717282 ,0.717008 ,0.717376 ,0.717967 ,0.718220 ,0.718513 ,0.718431 ,0.718189 ,0.718248 ,0.718845 ,0.720031 ,0.718166 ,0.717578 ,0.718355 ,0.718465 ,0.718315 ,0.717404 ,0.717400 ,0.716906 ,0.716736 ,0.717829 ,0.716207 ,0.714954 ,0.712237 ,0.710018 ,0.707479 ,0.704574 ,0.700547 ,0.695835 ,0.691376 ,0.685959 ,0.680494 ,0.673742 ,0.668190 ,0.660463 ,0.651330 ,0.644918 ,0.641955 ,0.639131 ,0.637521 ,0.636804 ,0.635317 ,0.635809 ,0.636261 ,0.635340 ,0.638610 ,0.639517 ,0.641328 ,0.644942 ,0.646524 ,0.648880 ,0.655183 ,0.660998 ,0.664314 ,0.670468 ,0.676731 ,0.681981 ,0.683496 ,0.687895 ,0.689921 ,0.692720 ,0.696133 ,0.693767 ,0.703089 
0.765148 ,0.734894 ,0.687808 ,0.643370 ,0.573574 ,0.493202 ,0.418921 ,0.360483 ,0.311183 ,0.277957 ,0.252065 ,0.235743 ,0.221314 ,0.215431 ,0.208733 ,0.205398 ,0.200518 ,0.198549 ,0.195984 ,0.194325 ,0.192932 ,0.191676 ,0.190546 ,0.190431 ,0.192631 ,0.194729 ,0.197618 ,0.201723 ,0.206302 ,0.209771 ,0.213165 ,0.215542 ,0.217374 ,0.218588 ,0.219236 ,0.220458 ,0.221116 ,0.221791 ,0.222732 ,0.224463 ,0.226217 ,0.227796 ,0.229351 ,0.231743 ,0.234661 ,0.239261 ,0.245101 ,0.252021 ,0.259950 ,0.268810 ,0.278605 ,0.289276 ,0.299571 ,0.310726 ,0.321232 ,0.331351 ,0.341099 ,0.349720 ,0.357931 ,0.364770 ,0.370702 ,0.375414 ,0.379753 ,0.383405 ,0.386250 ,0.389263 ,0.391540 ,0.394049 ,0.396466 ,0.398509 ,0.400356 ,0.401362 ,0.402371 ,0.402663 ,0.402608 ,0.402216 ,0.401168 ,0.399503 ,0.397874 ,0.395916 ,0.394097 ,0.392506 ,0.390825 ,0.389837 ,0.388658 ,0.387787 ,0.387160 ,0.386937 ,0.386665 ,0.386090 ,0.385429 ,0.383834 ,0.382396 ,0.380153 ,0.377520 ,0.374764 ,0.372423 ,0.370550 ,0.369367 ,0.368970 ,0.368746 ,0.368614 ,0.368444 ,0.366222 ,0.362091 ,0.356494 ,0.349597 ,0.341983 ,0.334739 ,0.329655 ,0.325957 ,0.322061 ,0.315871 ,0.306946 ,0.296459 ,0.286224 ,0.277107 ,0.270497 ,0.267037 ,0.266488 ,0.269656 ,0.278527 ,0.296533 ,0.323646 ,0.355605 ,0.388392 ,0.418510 ,0.444844 ,0.467153 ,0.486031 ,0.501757 ,0.515507 ,0.528316 ,0.540473 ,0.551288 ,0.561520 ,0.571282 ,0.580869 ,0.588957 ,0.596552 ,0.603889 ,0.609514 ,0.615575 ,0.620676 ,0.625462 ,0.630294 ,0.633642 ,0.637310 ,0.641143 ,0.643208 ,0.645830 ,0.648048 ,0.650387 ,0.652065 ,0.653837 ,0.655555 ,0.657203 ,0.658915 ,0.660649 ,0.662008 ,0.663615 ,0.665376 ,0.666903 ,0.668955 ,0.670334 ,0.671587 ,0.672946 ,0.674439 ,0.675018 ,0.676919 ,0.677733 ,0.678562 ,0.679680 ,0.680753 ,0.681452 ,0.681693 ,0.682889 ,0.682257 ,0.681958 ,0.682034 ,0.682562 ,0.682308 ,0.683385 ,0.683755 ,0.684317 ,0.685161 ,0.686039 ,0.686653 ,0.687220 ,0.687909 ,0.688399 ,0.689786 ,0.689543 ,0.689889 ,0.690783 ,0.691067 ,0.691031 ,0.691964 ,0.691450 ,0.692195 ,0.692969 ,0.693161 ,0.693845 ,0.693158 ,0.692668 ,0.693122 ,0.693035 ,0.694022 ,0.694129 ,0.694816 ,0.695187 ,0.695636 ,0.696077 ,0.695624 ,0.694936 ,0.692453 ,0.690126 ,0.687760 ,0.684807 ,0.682668 ,0.678748 ,0.675899 ,0.671129 ,0.666879 ,0.661792 ,0.657604 ,0.651107 ,0.644195 ,0.639304 ,0.635188 ,0.634148 ,0.631207 ,0.632073 ,0.632734 ,0.635006 ,0.637143 ,0.638001 ,0.642985 ,0.644341 ,0.646899 ,0.651260 ,0.654535 ,0.659667 ,0.667134 ,0.675589 ,0.680257 ,0.687485 ,0.695949 ,0.702621 ,0.707369 ,0.711087 ,0.714515 ,0.721740 ,0.725951 ,0.728798 ,0.741993 
0.702698 ,0.660426 ,0.632322 ,0.585420 ,0.518217 ,0.451509 ,0.384581 ,0.329587 ,0.286298 ,0.256951 ,0.234967 ,0.220705 ,0.210578 ,0.206799 ,0.203219 ,0.201684 ,0.199741 ,0.199945 ,0.199689 ,0.200133 ,0.200268 ,0.200228 ,0.201101 ,0.202254 ,0.205368 ,0.208592 ,0.212125 ,0.216801 ,0.222216 ,0.226214 ,0.230930 ,0.234526 ,0.237506 ,0.239973 ,0.242474 ,0.244478 ,0.246487 ,0.248131 ,0.249924 ,0.251681 ,0.254126 ,0.255714 ,0.258432 ,0.261521 ,0.265869 ,0.271589 ,0.278940 ,0.287372 ,0.297371 ,0.307851 ,0.319536 ,0.331655 ,0.343760 ,0.355856 ,0.367677 ,0.378520 ,0.388744 ,0.397769 ,0.406351 ,0.413642 ,0.420218 ,0.425616 ,0.430576 ,0.434906 ,0.438407 ,0.442103 ,0.445107 ,0.448276 ,0.451263 ,0.453963 ,0.456497 ,0.458272 ,0.459828 ,0.461011 ,0.462192 ,0.462902 ,0.462929 ,0.462535 ,0.461917 ,0.461171 ,0.460428 ,0.459608 ,0.458654 ,0.458640 ,0.458172 ,0.457894 ,0.457723 ,0.458126 ,0.458234 ,0.458307 ,0.458070 ,0.457231 ,0.456318 ,0.454724 ,0.452624 ,0.450566 ,0.448449 ,0.447099 ,0.446350 ,0.446160 ,0.446352 ,0.446715 ,0.446824 ,0.445166 ,0.441282 ,0.435711 ,0.428410 ,0.420069 ,0.412181 ,0.406442 ,0.402734 ,0.399503 ,0.393731 ,0.384996 ,0.374324 ,0.363164 ,0.353291 ,0.346168 ,0.342352 ,0.342075 ,0.345913 ,0.356720 ,0.376884 ,0.406192 ,0.439406 ,0.472231 ,0.501134 ,0.525011 ,0.544651 ,0.560605 ,0.573705 ,0.585028 ,0.595341 ,0.604639 ,0.613045 ,0.621106 ,0.628435 ,0.635494 ,0.642020 ,0.648116 ,0.653372 ,0.657530 ,0.662181 ,0.665762 ,0.669157 ,0.673014 ,0.675593 ,0.678725 ,0.681676 ,0.683253 ,0.685218 ,0.687049 ,0.688748 ,0.690020 ,0.691527 ,0.693290 ,0.694671 ,0.695909 ,0.696943 ,0.697970 ,0.699720 ,0.701302 ,0.702654 ,0.704252 ,0.705484 ,0.707253 ,0.708190 ,0.709171 ,0.710072 ,0.711462 ,0.712626 ,0.713121 ,0.713854 ,0.714143 ,0.715238 ,0.715666 ,0.716557 ,0.715971 ,0.715376 ,0.715369 ,0.715443 ,0.715750 ,0.715783 ,0.715818 ,0.716260 ,0.717329 ,0.717393 ,0.717727 ,0.718313 ,0.719019 ,0.718821 ,0.719515 ,0.719648 ,0.719850 ,0.720364 ,0.720016 ,0.719846 ,0.720652 ,0.720734 ,0.720665 ,0.720864 ,0.720135 ,0.719986 ,0.719882 ,0.719025 ,0.719725 ,0.719065 ,0.718936 ,0.718517 ,0.719146 ,0.718441 ,0.718873 ,0.718458 ,0.717190 ,0.716550 ,0.713777 ,0.711809 ,0.709246 ,0.705842 ,0.702408 ,0.698275 ,0.695428 ,0.690973 ,0.684875 ,0.679360 ,0.673380 ,0.666790 ,0.660652 ,0.653766 ,0.648885 ,0.646502 ,0.643903 ,0.642514 ,0.642652 ,0.644269 ,0.644571 ,0.644710 ,0.647117 ,0.647793 ,0.649172 ,0.651868 ,0.655630 ,0.658192 ,0.664155 ,0.668624 ,0.673780 ,0.678902 ,0.687005 ,0.688208 ,0.694037 ,0.695282 ,0.695641 ,0.701573 ,0.703269 ,0.704847 ,0.713591 
0.668432 ,0.641707 ,0.610903 ,0.568129 ,0.517718 ,0.455477 ,0.402259 ,0.352035 ,0.318175 ,0.295203 ,0.280020 ,0.271428 ,0.266037 ,0.264715 ,0.265364 ,0.266777 ,0.267786 ,0.270367 ,0.272618 ,0.275683 ,0.278961 ,0.281204 ,0.285231 ,0.287990 ,0.292111 ,0.296532 ,0.301879 ,0.308262 ,0.314254 ,0.319635 ,0.324553 ,0.328795 ,0.332491 ,0.335475 ,0.338464 ,0.341344 ,0.344254 ,0.346587 ,0.348420 ,0.350887 ,0.353613 ,0.355810 ,0.358572 ,0.361891 ,0.366045 ,0.371469 ,0.378264 ,0.386073 ,0.395060 ,0.404837 ,0.415323 ,0.426284 ,0.436714 ,0.447469 ,0.457575 ,0.467594 ,0.476899 ,0.484766 ,0.492276 ,0.498958 ,0.504603 ,0.509263 ,0.513948 ,0.517954 ,0.521470 ,0.524834 ,0.527929 ,0.531071 ,0.534311 ,0.536579 ,0.539005 ,0.541048 ,0.542707 ,0.543678 ,0.544891 ,0.546021 ,0.546548 ,0.546689 ,0.546785 ,0.546604 ,0.546797 ,0.546400 ,0.546109 ,0.546244 ,0.546619 ,0.546603 ,0.546649 ,0.547365 ,0.547878 ,0.548411 ,0.548118 ,0.547682 ,0.547045 ,0.545854 ,0.544443 ,0.542768 ,0.541567 ,0.540587 ,0.539966 ,0.540038 ,0.540575 ,0.540874 ,0.541068 ,0.539712 ,0.537328 ,0.533529 ,0.528082 ,0.522497 ,0.516581 ,0.512641 ,0.509757 ,0.506470 ,0.501360 ,0.494178 ,0.485310 ,0.475962 ,0.467550 ,0.461297 ,0.458201 ,0.457485 ,0.460326 ,0.468578 ,0.484596 ,0.507820 ,0.535663 ,0.562584 ,0.585951 ,0.605956 ,0.622116 ,0.634950 ,0.645998 ,0.655415 ,0.664268 ,0.672670 ,0.680024 ,0.687138 ,0.693932 ,0.700109 ,0.705908 ,0.710921 ,0.715923 ,0.719771 ,0.724065 ,0.727673 ,0.730830 ,0.734596 ,0.737639 ,0.740309 ,0.743286 ,0.745091 ,0.747312 ,0.749308 ,0.751739 ,0.753597 ,0.755262 ,0.756920 ,0.758045 ,0.759720 ,0.760871 ,0.762431 ,0.764344 ,0.765977 ,0.767455 ,0.768609 ,0.770207 ,0.771203 ,0.772146 ,0.773305 ,0.774272 ,0.775597 ,0.777169 ,0.778290 ,0.779267 ,0.780611 ,0.780878 ,0.781427 ,0.781818 ,0.781211 ,0.781569 ,0.780859 ,0.781184 ,0.780846 ,0.781439 ,0.782289 ,0.782079 ,0.782415 ,0.782717 ,0.783749 ,0.784453 ,0.784318 ,0.784529 ,0.785484 ,0.785738 ,0.785243 ,0.785712 ,0.786129 ,0.785590 ,0.786728 ,0.787229 ,0.787104 ,0.786711 ,0.787446 ,0.787449 ,0.786820 ,0.785814 ,0.785937 ,0.785896 ,0.786103 ,0.784992 ,0.785669 ,0.784295 ,0.785122 ,0.784320 ,0.783067 ,0.781292 ,0.779530 ,0.777523 ,0.773656 ,0.771146 ,0.767018 ,0.762443 ,0.757881 ,0.752350 ,0.745810 ,0.739802 ,0.732675 ,0.723868 ,0.715796 ,0.708694 ,0.704820 ,0.702356 ,0.699721 ,0.699293 ,0.698859 ,0.699044 ,0.698603 ,0.698935 ,0.700854 ,0.702733 ,0.703609 ,0.706617 ,0.708573 ,0.710483 ,0.714913 ,0.720364 ,0.724684 ,0.730570 ,0.734274 ,0.739363 ,0.742160 ,0.746171 ,0.748406 ,0.752165 ,0.753301 ,0.754748 ,0.760190 
0.633965 ,0.603430 ,0.583631 ,0.540640 ,0.495178 ,0.441550 ,0.390244 ,0.346209 ,0.317144 ,0.294732 ,0.281513 ,0.275709 ,0.273387 ,0.274736 ,0.277298 ,0.280615 ,0.285085 ,0.289576 ,0.295099 ,0.300573 ,0.306021 ,0.310671 ,0.316809 ,0.321109 ,0.326369 ,0.331446 ,0.337184 ,0.342987 ,0.349130 ,0.353987 ,0.359420 ,0.364225 ,0.368701 ,0.372853 ,0.377217 ,0.380968 ,0.385208 ,0.388279 ,0.391159 ,0.393799 ,0.396902 ,0.399306 ,0.402631 ,0.406160 ,0.410563 ,0.415818 ,0.421709 ,0.428294 ,0.435493 ,0.443029 ,0.450703 ,0.458185 ,0.465506 ,0.472454 ,0.479085 ,0.485606 ,0.491447 ,0.496333 ,0.501063 ,0.506179 ,0.509935 ,0.513640 ,0.517686 ,0.521155 ,0.524607 ,0.527985 ,0.531342 ,0.534808 ,0.537671 ,0.540273 ,0.543109 ,0.545631 ,0.547908 ,0.549637 ,0.552257 ,0.554634 ,0.556626 ,0.558784 ,0.560617 ,0.562518 ,0.564274 ,0.565646 ,0.566858 ,0.568367 ,0.569819 ,0.571116 ,0.571989 ,0.573688 ,0.575031 ,0.576194 ,0.576473 ,0.577255 ,0.577670 ,0.577914 ,0.578187 ,0.578041 ,0.578111 ,0.578106 ,0.578373 ,0.579289 ,0.580127 ,0.580998 ,0.581841 ,0.581764 ,0.581403 ,0.580219 ,0.577873 ,0.575544 ,0.572820 ,0.570960 ,0.569391 ,0.568019 ,0.565362 ,0.561338 ,0.555994 ,0.549777 ,0.544237 ,0.539662 ,0.537789 ,0.538098 ,0.540410 ,0.547083 ,0.558565 ,0.574730 ,0.592466 ,0.608203 ,0.621160 ,0.632134 ,0.641291 ,0.648827 ,0.655743 ,0.662426 ,0.668934 ,0.675388 ,0.681612 ,0.687465 ,0.692728 ,0.698353 ,0.703239 ,0.708175 ,0.712248 ,0.715785 ,0.719399 ,0.722697 ,0.725938 ,0.729471 ,0.732361 ,0.735202 ,0.738065 ,0.740158 ,0.742313 ,0.744354 ,0.746740 ,0.748521 ,0.750012 ,0.752361 ,0.753596 ,0.755516 ,0.756367 ,0.758052 ,0.760193 ,0.761118 ,0.763234 ,0.764459 ,0.765685 ,0.767199 ,0.767937 ,0.769467 ,0.770726 ,0.771864 ,0.773407 ,0.774631 ,0.774907 ,0.776203 ,0.777132 ,0.777174 ,0.777549 ,0.777503 ,0.777381 ,0.777453 ,0.777428 ,0.777088 ,0.777287 ,0.777950 ,0.778199 ,0.779298 ,0.779474 ,0.779921 ,0.780654 ,0.780365 ,0.780842 ,0.781241 ,0.781258 ,0.781889 ,0.781890 ,0.782082 ,0.781808 ,0.782779 ,0.783274 ,0.783704 ,0.783358 ,0.783084 ,0.783062 ,0.782477 ,0.782530 ,0.782475 ,0.782238 ,0.782440 ,0.781636 ,0.781753 ,0.780869 ,0.781092 ,0.780179 ,0.778906 ,0.776894 ,0.775172 ,0.773386 ,0.769375 ,0.766602 ,0.762452 ,0.758131 ,0.752951 ,0.748033 ,0.741448 ,0.734785 ,0.726703 ,0.718001 ,0.710205 ,0.702200 ,0.697456 ,0.694969 ,0.694567 ,0.692386 ,0.692656 ,0.691495 ,0.690779 ,0.691115 ,0.692107 ,0.694463 ,0.695069 ,0.698491 ,0.699038 ,0.702266 ,0.704626 ,0.709627 ,0.714300 ,0.717733 ,0.721845 ,0.724231 ,0.728224 ,0.730732 ,0.733362 ,0.738097 ,0.734647 ,0.738251 ,0.739046 
0.634233 ,0.598980 ,0.579892 ,0.533928 ,0.487049 ,0.429502 ,0.378019 ,0.329613 ,0.298142 ,0.275423 ,0.259564 ,0.250080 ,0.245822 ,0.244014 ,0.244335 ,0.246107 ,0.247011 ,0.249379 ,0.251754 ,0.254484 ,0.257382 ,0.259861 ,0.264225 ,0.266341 ,0.269918 ,0.274020 ,0.279222 ,0.284760 ,0.290513 ,0.295350 ,0.300309 ,0.304649 ,0.308235 ,0.311306 ,0.314505 ,0.317062 ,0.320095 ,0.322312 ,0.324503 ,0.326807 ,0.329385 ,0.331552 ,0.334350 ,0.337577 ,0.341724 ,0.346895 ,0.353525 ,0.360848 ,0.369538 ,0.378695 ,0.388483 ,0.398516 ,0.408390 ,0.418209 ,0.427791 ,0.436865 ,0.445632 ,0.452903 ,0.459817 ,0.466482 ,0.471952 ,0.476877 ,0.481177 ,0.485171 ,0.488891 ,0.492383 ,0.495623 ,0.499075 ,0.502208 ,0.504646 ,0.507276 ,0.509605 ,0.511400 ,0.512752 ,0.514446 ,0.515997 ,0.516844 ,0.517719 ,0.518227 ,0.518546 ,0.519220 ,0.519297 ,0.519053 ,0.519482 ,0.519888 ,0.520201 ,0.520498 ,0.521387 ,0.521811 ,0.522575 ,0.522594 ,0.522693 ,0.522297 ,0.521568 ,0.520383 ,0.519095 ,0.518038 ,0.517330 ,0.516730 ,0.516976 ,0.517338 ,0.517873 ,0.518223 ,0.517364 ,0.515004 ,0.511685 ,0.506593 ,0.501283 ,0.495652 ,0.491682 ,0.488881 ,0.486275 ,0.481995 ,0.475687 ,0.467645 ,0.458617 ,0.450772 ,0.444523 ,0.441304 ,0.440814 ,0.443154 ,0.450866 ,0.465580 ,0.487198 ,0.513076 ,0.538200 ,0.560116 ,0.578793 ,0.594449 ,0.606662 ,0.617109 ,0.626227 ,0.634776 ,0.642502 ,0.649757 ,0.656754 ,0.662801 ,0.669163 ,0.674917 ,0.680039 ,0.684632 ,0.688573 ,0.692316 ,0.695854 ,0.698904 ,0.702453 ,0.705494 ,0.708001 ,0.710639 ,0.712560 ,0.714992 ,0.716226 ,0.718417 ,0.720275 ,0.722083 ,0.723630 ,0.724629 ,0.726231 ,0.727350 ,0.728879 ,0.730615 ,0.731852 ,0.733515 ,0.734485 ,0.736108 ,0.737194 ,0.738054 ,0.739265 ,0.740542 ,0.741959 ,0.742788 ,0.744616 ,0.744968 ,0.745774 ,0.746469 ,0.746695 ,0.747300 ,0.746795 ,0.746838 ,0.746569 ,0.746128 ,0.745992 ,0.746266 ,0.746547 ,0.746795 ,0.747396 ,0.747321 ,0.747872 ,0.748796 ,0.748639 ,0.748652 ,0.748979 ,0.749801 ,0.749709 ,0.749850 ,0.749937 ,0.749644 ,0.750373 ,0.750987 ,0.750843 ,0.750666 ,0.750576 ,0.750334 ,0.750091 ,0.749247 ,0.749234 ,0.749130 ,0.748538 ,0.748545 ,0.748316 ,0.747010 ,0.747742 ,0.746057 ,0.745086 ,0.743756 ,0.741460 ,0.739167 ,0.735460 ,0.731554 ,0.727664 ,0.723182 ,0.718117 ,0.712100 ,0.705769 ,0.699635 ,0.691506 ,0.682595 ,0.674306 ,0.666042 ,0.660653 ,0.658888 ,0.656985 ,0.655154 ,0.655835 ,0.653855 ,0.654215 ,0.654850 ,0.655243 ,0.657127 ,0.658768 ,0.661238 ,0.662153 ,0.665382 ,0.668642 ,0.672831 ,0.679312 ,0.683791 ,0.686686 ,0.690411 ,0.693106 ,0.698094 ,0.699530 ,0.703482 ,0.703919 ,0.704476 ,0.708914 
0.567295 ,0.523517 ,0.517421 ,0.467463 ,0.427370 ,0.364498 ,0.316562 ,0.267728 ,0.234423 ,0.205973 ,0.190064 ,0.177018 ,0.170772 ,0.166947 ,0.165174 ,0.164071 ,0.163698 ,0.163325 ,0.163919 ,0.164226 ,0.164528 ,0.165004 ,0.166906 ,0.167748 ,0.170051 ,0.172648 ,0.176951 ,0.181273 ,0.186582 ,0.190789 ,0.194988 ,0.198451 ,0.200806 ,0.203012 ,0.204759 ,0.206546 ,0.207917 ,0.209140 ,0.210716 ,0.212401 ,0.214417 ,0.216085 ,0.218516 ,0.221457 ,0.225043 ,0.230295 ,0.236924 ,0.244050 ,0.252942 ,0.262399 ,0.272784 ,0.283392 ,0.294352 ,0.305216 ,0.315404 ,0.325082 ,0.334437 ,0.342904 ,0.350598 ,0.357398 ,0.363320 ,0.368385 ,0.372837 ,0.376916 ,0.380272 ,0.383472 ,0.386505 ,0.389467 ,0.392484 ,0.394711 ,0.397040 ,0.399041 ,0.400148 ,0.401216 ,0.402191 ,0.403124 ,0.403156 ,0.402560 ,0.402203 ,0.401446 ,0.400908 ,0.400110 ,0.399248 ,0.399006 ,0.398580 ,0.398199 ,0.397901 ,0.398320 ,0.398551 ,0.398563 ,0.398244 ,0.397555 ,0.396868 ,0.395288 ,0.393189 ,0.390985 ,0.389325 ,0.387803 ,0.387112 ,0.386644 ,0.386711 ,0.387078 ,0.386958 ,0.385194 ,0.381484 ,0.375888 ,0.368991 ,0.361402 ,0.353960 ,0.348554 ,0.345168 ,0.341884 ,0.336424 ,0.328289 ,0.317961 ,0.306976 ,0.296949 ,0.289491 ,0.285051 ,0.284268 ,0.286957 ,0.296057 ,0.314417 ,0.341541 ,0.373946 ,0.405743 ,0.434045 ,0.457635 ,0.476749 ,0.492217 ,0.505083 ,0.516067 ,0.525709 ,0.534476 ,0.542156 ,0.549634 ,0.556521 ,0.562974 ,0.569055 ,0.574906 ,0.579532 ,0.583726 ,0.587197 ,0.590753 ,0.593953 ,0.597212 ,0.599796 ,0.602150 ,0.604261 ,0.606292 ,0.607908 ,0.608907 ,0.610619 ,0.611824 ,0.613179 ,0.614329 ,0.615797 ,0.616672 ,0.617539 ,0.618678 ,0.620441 ,0.621187 ,0.622325 ,0.623653 ,0.624686 ,0.625989 ,0.627230 ,0.628058 ,0.628724 ,0.629523 ,0.630969 ,0.631243 ,0.631654 ,0.632665 ,0.633089 ,0.633480 ,0.633862 ,0.633849 ,0.633546 ,0.633363 ,0.633286 ,0.632767 ,0.633179 ,0.632805 ,0.633600 ,0.634122 ,0.634162 ,0.634488 ,0.635017 ,0.635530 ,0.635891 ,0.635867 ,0.635912 ,0.635998 ,0.635956 ,0.635605 ,0.635962 ,0.636633 ,0.636841 ,0.636982 ,0.637763 ,0.637157 ,0.637300 ,0.636559 ,0.636400 ,0.636443 ,0.636226 ,0.635724 ,0.636002 ,0.636040 ,0.634907 ,0.635322 ,0.635240 ,0.633475 ,0.632226 ,0.630756 ,0.628334 ,0.625493 ,0.622664 ,0.619774 ,0.616522 ,0.613010 ,0.607875 ,0.603575 ,0.598381 ,0.592471 ,0.585384 ,0.578567 ,0.572771 ,0.568727 ,0.566617 ,0.565456 ,0.564505 ,0.564288 ,0.564079 ,0.564001 ,0.564149 ,0.565801 ,0.566902 ,0.569222 ,0.571648 ,0.573838 ,0.576080 ,0.580039 ,0.583621 ,0.589370 ,0.591996 ,0.599333 ,0.600767 ,0.605498 ,0.608839 ,0.610282 ,0.613362 ,0.617612 ,0.616816 ,0.623294 
